"team","opp_team","stage_num","year","simulation","diff_elo","avg_goals_scored","avg_opp_goals_taken","team_has_home_advt","group_team","group_opp_team","match_num","predictions_sim","pred_for_opp_team","sorted_names"
"Denmark","Algeria",3,2026,78,176,1.82994011976048,1.04666666666667,0,12,10,6,2,0,"aaadeegiklmnrr"
"Wales","Algeria",3,2026,45,78,1.24590163934426,1.04666666666667,0,12,5,6,1,1,"aaaeegillrsw"
"Paraguay","Algeria",3,2026,21,18,1.30547945205479,1.04666666666667,0,7,3,5,3,0,"aaaaaeggilprruy"
"Belgium","Algeria",3,2026,95,360,1.79850746268657,1.04666666666667,0,8,8,4,4,0,"aabeeggiillmru"
"Croatia","Algeria",3,2026,2,109,1.74320241691843,1.04666666666667,0,1,4,2,0,1,"aaaacegiilorrt"
"Brazil","Algeria",3,2026,39,385,2.17165668662675,1.04666666666667,0,4,2,3,2,1,"aaabegiillrrz"
"England","Algeria",3,2026,94,211,2.34018691588785,1.04666666666667,0,9,2,7,1,0,"aaadeeggillnnr"
"France","Algeria",3,2026,16,341,1.77893518518519,1.04666666666667,0,9,10,1,1,0,"aaaceefgilnrr"
"Portugal","Algeria",3,2026,9,288,1.69009584664537,1.04666666666667,0,11,9,4,2,0,"aaaeggilloprrtu"
"Scotland","Algeria",3,2026,77,-91,1.72257250945776,1.04666666666667,0,11,6,7,1,3,"aaacdegillnorst"
"Italy","Algeria",3,2026,67,247,1.74007220216607,1.04666666666667,0,8,7,8,1,1,"aaaegiillrty"
"Denmark","Algeria",3,2026,29,176,1.82994011976048,1.04666666666667,0,3,1,1,4,3,"aaadeegiklmnrr"
"Austria","Algeria",3,2026,18,35,1.79197994987469,1.04666666666667,0,5,3,7,0,0,"aaaaegiilrrstu"
"Norway","Algeria",3,2026,58,12,1.5,1.04666666666667,0,12,7,8,0,0,"aaaegilnorrwy"
"United States","Algeria",3,2026,46,-5,1.46428571428571,1.04666666666667,1,1,10,3,2,2,"aaadeeegiilnrsstttu"
"Denmark","Algeria",3,2026,57,176,1.82994011976048,1.04666666666667,0,6,8,5,0,1,"aaadeegiklmnrr"
"England","Algeria",3,2026,89,211,2.34018691588785,1.04666666666667,0,12,2,7,0,1,"aaadeeggillnnr"
"France","Algeria",3,2026,54,341,1.77893518518519,1.04666666666667,0,6,2,5,3,0,"aaaceefgilnrr"
"Netherlands","Algeria",3,2026,62,244,2.06024096385542,1.04666666666667,0,9,10,2,1,0,"aaadeeeghillnnrrst"
"New Zealand","Algeria",3,2026,84,-265,1.72773536895674,1.04666666666667,0,12,4,6,1,1,"aaaadeeegillnnrwz"
"Switzerland","Algeria",3,2026,81,120,1.46446078431373,1.04666666666667,0,11,8,7,1,1,"aaadeegiillnrrstwz"
"Germany","Algeria",3,2026,65,205,2.24226804123711,1.04666666666667,0,2,1,4,0,0,"aaaeeggilmnrry"
"Netherlands","Algeria",3,2026,43,244,2.06024096385542,1.04666666666667,0,7,11,8,2,2,"aaadeeeghillnnrrst"
"Iran","Argentina",3,2026,80,-228,1.87234042553191,1.0562015503876,0,11,8,4,0,4,"aaaegiinnnrrt"
"Croatia","Argentina",3,2026,45,-131,1.74320241691843,1.0562015503876,0,11,6,1,2,3,"aaaacegiinnorrtt"
"Morocco","Argentina",3,2026,40,-308,1.44757433489828,1.0562015503876,0,6,6,1,2,1,"aaccegimnnooorrt"
"Portugal","Argentina",3,2026,83,48,1.69009584664537,1.0562015503876,0,12,5,3,2,1,"aaaeggilnnoprrttu"
"Scotland","Argentina",3,2026,32,-331,1.72257250945776,1.0562015503876,0,3,12,3,0,0,"aaacdegilnnnorstt"
"Italy","Argentina",3,2026,33,7,1.74007220216607,1.0562015503876,0,4,6,8,3,0,"aaaegiilnnrtty"
"Denmark","Argentina",3,2026,88,-64,1.82994011976048,1.0562015503876,0,12,7,2,1,2,"aaadeegikmnnnrrt"
"Belgium","Argentina",3,2026,71,120,1.79850746268657,1.0562015503876,0,4,6,8,0,1,"aabeeggiilmnnrtu"
"Croatia","Argentina",3,2026,59,-131,1.74320241691843,1.0562015503876,0,4,9,7,2,1,"aaaacegiinnorrtt"
"Poland","Argentina",3,2026,58,-178,1.70023419203747,1.0562015503876,0,11,12,4,0,2,"aaadegilnnnoprt"
"Switzerland","Argentina",3,2026,50,-120,1.46446078431373,1.0562015503876,0,8,12,8,0,4,"aaadeegiilnnnrrsttwz"
"France","Argentina",3,2026,1,101,1.77893518518519,1.0562015503876,0,10,4,3,2,1,"aaaceefginnnrrt"
"Colombia","Argentina",3,2026,17,-95,1.26288659793814,1.0562015503876,0,4,11,6,1,3,"aaabcegiilmnnoort"
"Germany","Argentina",3,2026,42,-35,2.24226804123711,1.0562015503876,0,4,8,6,2,1,"aaaeeggimnnnrrty"
"Portugal","Argentina",3,2026,99,48,1.69009584664537,1.0562015503876,0,12,11,1,0,1,"aaaeggilnnoprrttu"
"France","Argentina",3,2026,28,101,1.77893518518519,1.0562015503876,0,12,8,8,1,3,"aaaceefginnnrrt"
"Belgium","Argentina",3,2026,87,120,1.79850746268657,1.0562015503876,0,6,4,2,3,3,"aabeeggiilmnnrtu"
"Germany","Argentina",3,2026,72,-35,2.24226804123711,1.0562015503876,0,12,8,8,0,3,"aaaeeggimnnnrrty"
"Korea Republic","Argentina",3,2026,81,-219,1.80635245901639,1.0562015503876,0,4,4,6,1,0,"aaabceeegiiklnnoprrrtu"
"Spain","Argentina",3,2026,90,59,2.00704225352113,1.0562015503876,0,6,4,5,1,3,"aaaegiinnnprst"
"Austria","Argentina",3,2026,25,-205,1.79197994987469,1.0562015503876,0,1,12,6,1,1,"aaaaegiinnrrsttu"
"Iran","Argentina",3,2026,35,-228,1.87234042553191,1.0562015503876,0,3,5,2,0,3,"aaaegiinnnrrt"
"Norway","Argentina",3,2026,48,-228,1.5,1.0562015503876,0,11,8,6,0,1,"aaaeginnnorrtwy"
"Italy","Argentina",3,2026,57,7,1.74007220216607,1.0562015503876,0,11,6,6,3,1,"aaaegiilnnrtty"
"Denmark","Argentina",3,2026,56,-64,1.82994011976048,1.0562015503876,0,5,10,2,2,0,"aaadeegikmnnnrrt"
"Wales","Argentina",3,2026,60,-162,1.24590163934426,1.0562015503876,0,1,7,5,1,1,"aaaeegilnnrstw"
"Haiti","Argentina",3,2026,41,-434,1.62721893491124,1.0562015503876,1,5,9,6,1,1,"aaaeghiiinnrtt"
"Croatia","Argentina",3,2026,15,-131,1.74320241691843,1.0562015503876,0,4,8,7,1,1,"aaaacegiinnorrtt"
"United States","Argentina",3,2026,26,-245,1.46428571428571,1.0562015503876,1,1,7,7,0,1,"aaadeeegiinnnrssttttu"
"France","Argentina",3,2026,19,101,1.77893518518519,1.0562015503876,0,8,9,4,1,2,"aaaceefginnnrrt"
"Switzerland","Argentina",3,2026,39,-120,1.46446078431373,1.0562015503876,0,10,12,6,1,0,"aaadeegiilnnnrrsttwz"
"Senegal","Argentina",3,2026,54,-233,1.32565789473684,1.0562015503876,0,6,4,8,0,3,"aaaeeeggilnnnrst"
"Korea Republic","Argentina",3,2026,4,-219,1.80635245901639,1.0562015503876,0,3,5,4,0,0,"aaabceeegiiklnnoprrrtu"
"Spain","Argentina",3,2026,61,59,2.00704225352113,1.0562015503876,0,12,5,1,2,4,"aaaegiinnnprst"
"Uruguay","Argentina",3,2026,100,-37,1.5968253968254,1.0562015503876,0,7,4,4,0,0,"aaaegginnrrtuuuy"
"Brazil","Argentina",3,2026,2,145,2.17165668662675,1.0562015503876,0,4,10,1,2,2,"aaabegiilnnrrtz"
"Belgium","Argentina",3,2026,37,120,1.79850746268657,1.0562015503876,0,7,11,8,3,0,"aabeeggiilmnnrtu"
"Uruguay","Argentina",3,2026,6,-37,1.5968253968254,1.0562015503876,0,12,10,7,0,1,"aaaegginnrrtuuuy"
"England","Argentina",3,2026,12,-29,2.34018691588785,1.0562015503876,0,12,5,5,3,5,"aaadeeggilnnnnrt"
"France","Argentina",3,2026,44,101,1.77893518518519,1.0562015503876,0,9,5,1,2,0,"aaaceefginnnrrt"
"Belgium","Argentina",3,2026,20,120,1.79850746268657,1.0562015503876,0,5,7,1,1,1,"aabeeggiilmnnrtu"
"Iran","Argentina",3,2026,23,-228,1.87234042553191,1.0562015503876,0,2,6,7,1,1,"aaaegiinnnrrt"
"Korea Republic","Argentina",3,2026,89,-219,1.80635245901639,1.0562015503876,0,10,11,2,0,3,"aaabceeegiiklnnoprrrtu"
"Mexico","Argentina",3,2026,16,-60,1.81209503239741,1.0562015503876,1,2,7,6,1,0,"aaceegiimnnortx"
"Portugal","Argentina",3,2026,49,48,1.69009584664537,1.0562015503876,0,9,11,2,3,0,"aaaeggilnnoprrttu"
"Spain","Argentina",3,2026,73,59,2.00704225352113,1.0562015503876,0,7,6,4,2,2,"aaaegiinnnprst"
"Mexico","Argentina",3,2026,10,-60,1.81209503239741,1.0562015503876,1,2,11,6,1,1,"aaceegiimnnortx"
"Italy","Argentina",3,2026,47,7,1.74007220216607,1.0562015503876,0,10,4,1,0,1,"aaaegiilnnrtty"
"Australia","Argentina",3,2026,66,-279,2.04982206405694,1.0562015503876,0,4,6,4,0,6,"aaaaaegiilnnrrsttu"
"Croatia","Argentina",3,2026,14,-131,1.74320241691843,1.0562015503876,0,4,7,6,0,1,"aaaacegiinnorrtt"
"Chile","Argentina",3,2026,52,-178,1.43020304568528,1.0562015503876,0,4,11,4,2,1,"aaceeghiilnnrt"
"Colombia","Argentina",3,2026,36,-95,1.26288659793814,1.0562015503876,0,10,7,2,0,1,"aaabcegiilmnnoort"
"Austria","Argentina",3,2026,13,-205,1.79197994987469,1.0562015503876,0,1,4,3,1,3,"aaaaegiinnrrsttu"
"Mexico","Argentina",3,2026,8,-60,1.81209503239741,1.0562015503876,1,2,8,7,0,1,"aaceegiimnnortx"
"Denmark","Argentina",3,2026,18,-64,1.82994011976048,1.0562015503876,0,9,12,5,3,1,"aaadeegikmnnnrrt"
"Mexico","Argentina",3,2026,84,-60,1.81209503239741,1.0562015503876,1,2,4,4,1,3,"aaceegiimnnortx"
"England","Argentina",3,2026,95,-29,2.34018691588785,1.0562015503876,0,7,6,3,1,1,"aaadeeggilnnnnrt"
"France","Argentina",3,2026,94,101,1.77893518518519,1.0562015503876,0,8,5,4,1,0,"aaaceefginnnrrt"
"Denmark","Argentina",3,2026,22,-64,1.82994011976048,1.0562015503876,0,6,6,6,0,1,"aaadeegikmnnnrrt"
"Croatia","Argentina",3,2026,86,-131,1.74320241691843,1.0562015503876,0,12,7,5,0,1,"aaaacegiinnorrtt"
"Brazil","Argentina",3,2026,5,145,2.17165668662675,1.0562015503876,0,6,7,2,0,0,"aaabegiilnnrrtz"
"Switzerland","Argentina",3,2026,34,-120,1.46446078431373,1.0562015503876,0,12,5,6,1,1,"aaadeegiilnnnrrsttwz"
"Wales","Argentina",3,2026,93,-162,1.24590163934426,1.0562015503876,0,9,7,6,1,2,"aaaeegilnnrstw"
"Japan","Argentina",3,2026,3,-247,1.73592493297587,1.0562015503876,0,6,4,6,0,2,"aaaaegijnnnprt"
"Brazil","Argentina",3,2026,92,145,2.17165668662675,1.0562015503876,0,10,5,2,2,0,"aaabegiilnnrrtz"
"Norway","Argentina",3,2026,98,-228,1.5,1.0562015503876,0,1,5,7,2,2,"aaaeginnnorrtwy"
"Switzerland","Argentina",3,2026,62,-120,1.46446078431373,1.0562015503876,0,12,7,4,0,0,"aaadeegiilnnnrrsttwz"
"Cameroon","Argentina",3,2026,53,-384,1.45101351351351,1.0562015503876,0,6,10,3,0,0,"aaaceegimnnnoorrt"
"Morocco","Argentina",3,2026,65,-308,1.44757433489828,1.0562015503876,0,12,6,2,0,2,"aaccegimnnooorrt"
"Colombia","Argentina",3,2026,68,-95,1.26288659793814,1.0562015503876,0,2,11,5,3,1,"aaabcegiilmnnoort"
"Germany","Argentina",3,2026,97,-35,2.24226804123711,1.0562015503876,0,4,12,3,2,0,"aaaeeggimnnnrrty"
"Wales","Argentina",3,2026,43,-162,1.24590163934426,1.0562015503876,0,6,6,6,4,0,"aaaeegilnnrstw"
"Portugal","Argentina",3,2026,55,48,1.69009584664537,1.0562015503876,0,7,10,1,0,0,"aaaeggilnnoprrttu"
"England","Argentina",3,2026,31,-29,2.34018691588785,1.0562015503876,0,8,4,1,1,0,"aaadeeggilnnnnrt"
"Belgium","Argentina",3,2026,7,120,1.79850746268657,1.0562015503876,0,11,5,2,3,1,"aabeeggiilmnnrtu"
"Croatia","Argentina",3,2026,21,-131,1.74320241691843,1.0562015503876,0,4,12,8,2,1,"aaaacegiinnorrtt"
"Egypt","Argentina",3,2026,85,-386,1.7599486521181,1.0562015503876,0,6,10,8,0,1,"aaeegginnprtty"
"England","Argentina",3,2026,78,-29,2.34018691588785,1.0562015503876,0,4,11,4,4,3,"aaadeeggilnnnnrt"
"Denmark","Argentina",3,2026,76,-64,1.82994011976048,1.0562015503876,0,5,9,8,1,1,"aaadeegikmnnnrrt"
"Denmark","Argentina",3,2026,69,-64,1.82994011976048,1.0562015503876,0,9,11,1,0,2,"aaadeegikmnnnrrt"
"Brazil","Argentina",3,2026,67,145,2.17165668662675,1.0562015503876,0,9,12,6,1,2,"aaabegiilnnrrtz"
"Switzerland","Argentina",3,2026,82,-120,1.46446078431373,1.0562015503876,0,5,7,4,0,1,"aaadeegiilnnnrrsttwz"
"Norway","Argentina",3,2026,11,-228,1.5,1.0562015503876,0,4,4,8,1,1,"aaaeginnnorrtwy"
"Brazil","Argentina",3,2026,38,145,2.17165668662675,1.0562015503876,0,10,4,6,0,1,"aaabegiilnnrrtz"
"Spain","Australia",3,2026,20,338,2.00704225352113,1.12455516014235,0,6,9,8,4,1,"aaaaiilnprsstu"
"France","Australia",3,2026,92,380,1.77893518518519,1.12455516014235,0,11,11,6,3,0,"aaaacefilnrrstu"
"Scotland","Australia",3,2026,61,-52,1.72257250945776,1.12455516014235,0,3,7,6,1,0,"aaaacdillnorssttu"
"Morocco","Australia",3,2026,55,-29,1.44757433489828,1.12455516014235,0,12,1,3,4,1,"aaaccilmooorrstu"
"Colombia","Australia",3,2026,4,184,1.26288659793814,1.12455516014235,0,7,2,7,0,1,"aaaabciillmoorstu"
"Belgium","Australia",3,2026,16,399,1.79850746268657,1.12455516014235,0,10,11,4,1,0,"aaabegiillmrstuu"
"Belgium","Australia",3,2026,41,399,1.79850746268657,1.12455516014235,0,10,8,1,1,1,"aaabegiillmrstuu"
"Senegal","Australia",3,2026,94,46,1.32565789473684,1.12455516014235,0,6,11,1,1,1,"aaaaeegillnrsstu"
"Brazil","Australia",3,2026,87,424,2.17165668662675,1.12455516014235,0,8,9,3,4,0,"aaaabiillrrstuz"
"Belgium","Australia",3,2026,23,399,1.79850746268657,1.12455516014235,0,11,8,1,2,1,"aaabegiillmrstuu"
"Spain","Australia",3,2026,32,338,2.00704225352113,1.12455516014235,0,11,12,8,2,0,"aaaaiilnprsstu"
"Colombia","Australia",3,2026,37,184,1.26288659793814,1.12455516014235,0,5,10,4,2,0,"aaaabciillmoorstu"
"France","Australia",3,2026,57,380,1.77893518518519,1.12455516014235,0,12,2,7,1,2,"aaaacefilnrrstu"
"Croatia","Australia",3,2026,34,148,1.74320241691843,1.12455516014235,0,4,11,5,1,1,"aaaaaciilorrsttu"
"Japan","Australia",3,2026,44,32,1.73592493297587,1.12455516014235,0,9,3,5,0,1,"aaaaaijlnprstu"
"Croatia","Australia",3,2026,64,148,1.74320241691843,1.12455516014235,0,8,9,3,2,1,"aaaaaciilorrsttu"
"Korea Republic","Australia",3,2026,69,60,1.80635245901639,1.12455516014235,0,8,9,5,3,1,"aaaabceeiiklloprrrstuu"
"Uruguay","Australia",3,2026,42,242,1.5968253968254,1.12455516014235,0,10,12,7,3,0,"aaaagilrrstuuuuy"
"Belgium","Australia",3,2026,58,399,1.79850746268657,1.12455516014235,0,8,9,6,1,0,"aaabegiillmrstuu"
"Ecuador","Australia",3,2026,11,114,1.22452830188679,1.12455516014235,0,6,10,6,6,0,"aaaacdeilorrstuu"
"Germany","Australia",3,2026,62,244,2.24226804123711,1.12455516014235,0,4,2,7,2,1,"aaaaegilmnrrstuy"
"Denmark","Australia",3,2026,12,215,1.82994011976048,1.12455516014235,0,5,3,4,1,0,"aaaadeiklmnrrstu"
"Nigeria","Australia",3,2026,9,-42,1.49295774647887,1.12455516014235,0,12,6,7,1,3,"aaaaegiiilnrrstu"
"Germany","Australia",3,2026,71,244,2.24226804123711,1.12455516014235,0,5,9,5,1,0,"aaaaegilmnrrstuy"
"Denmark","Australia",3,2026,75,215,1.82994011976048,1.12455516014235,0,4,9,7,2,0,"aaaadeiklmnrrstu"
"France","Australia",3,2026,52,380,1.77893518518519,1.12455516014235,0,6,6,1,1,0,"aaaacefilnrrstu"
"Morocco","Austria",3,2026,39,-103,1.44757433489828,1.56265664160401,0,9,8,8,0,2,"aaccimooorrstu"
"United States","Austria",3,2026,5,-40,1.46428571428571,1.56265664160401,1,1,7,3,4,4,"aaadeeiinrsssttttuu"
"United States","Austria",3,2026,82,-40,1.46428571428571,1.56265664160401,1,1,12,8,2,0,"aaadeeiinrsssttttuu"
"Paraguay","Austria",3,2026,17,-17,1.30547945205479,1.56265664160401,0,12,3,1,0,0,"aaaaagiprrstuuy"
"Mexico","Austria",3,2026,99,145,1.81209503239741,1.56265664160401,1,2,2,5,2,1,"aaceiimorstux"
"Germany","Austria",3,2026,74,170,2.24226804123711,1.56265664160401,0,10,11,1,2,1,"aaaegimnrrstuy"
"Iran","Austria",3,2026,19,-23,1.87234042553191,1.56265664160401,0,1,3,5,1,0,"aaaiinrrstu"
"Uruguay","Austria",3,2026,68,168,1.5968253968254,1.56265664160401,0,12,12,7,0,1,"aaagirrstuuuuy"
"Uruguay","Austria",3,2026,53,168,1.5968253968254,1.56265664160401,0,6,3,4,3,1,"aaagirrstuuuuy"
"Colombia","Austria",3,2026,75,110,1.26288659793814,1.56265664160401,0,9,8,8,2,2,"aaabciilmoorstu"
"Costa Rica","Austria",3,2026,77,-163,1.76412429378531,1.56265664160401,1,6,5,6,0,0,"aaaacciiorrssttu"
"Switzerland","Austria",3,2026,80,85,1.46446078431373,1.56265664160401,0,1,12,5,1,2,"aaadeiilnrrssttuwz"
"Mexico","Austria",3,2026,93,145,1.81209503239741,1.56265664160401,1,2,5,7,3,0,"aaceiimorstux"
"Spain","Austria",3,2026,57,264,2.00704225352113,1.56265664160401,0,5,1,3,2,1,"aaaiinprsstu"
"Chile","Austria",3,2026,51,27,1.43020304568528,1.56265664160401,0,9,5,4,0,2,"aacehiilrstu"
"Germany","Austria",3,2026,4,170,2.24226804123711,1.56265664160401,0,9,4,2,2,2,"aaaegimnrrstuy"
"Portugal","Austria",3,2026,56,253,1.69009584664537,1.56265664160401,0,8,3,4,0,2,"aaagiloprrsttuu"
"Senegal","Austria",3,2026,95,-28,1.32565789473684,1.56265664160401,0,1,2,6,0,0,"aaaeegilnrsstu"
"Uruguay","Austria",3,2026,10,168,1.5968253968254,1.56265664160401,0,7,7,7,0,3,"aaagirrstuuuuy"
"Netherlands","Austria",3,2026,21,209,2.06024096385542,1.56265664160401,0,1,2,4,1,0,"aaadeehilnnrrssttu"
"Denmark","Austria",3,2026,86,141,1.82994011976048,1.56265664160401,0,8,9,7,1,0,"aaadeikmnrrstu"
"Korea Republic","Austria",3,2026,29,-14,1.80635245901639,1.56265664160401,0,5,7,7,0,2,"aaabceeiikloprrrstuu"
"Paraguay","Austria",3,2026,61,-17,1.30547945205479,1.56265664160401,0,10,8,8,0,1,"aaaaagiprrstuuy"
"Denmark","Austria",3,2026,46,141,1.82994011976048,1.56265664160401,0,11,12,4,2,2,"aaadeikmnrrstu"
"Wales","Austria",3,2026,47,43,1.24590163934426,1.56265664160401,0,12,2,3,1,0,"aaaeilrsstuw"
"England","Austria",3,2026,6,176,2.34018691588785,1.56265664160401,0,5,10,6,2,0,"aaadegilnnrstu"
"Mexico","Austria",3,2026,27,145,1.81209503239741,1.56265664160401,1,2,6,8,2,1,"aaceiimorstux"
"Italy","Austria",3,2026,24,212,1.74007220216607,1.56265664160401,0,12,2,8,1,1,"aaaiilrsttuy"
"Norway","Austria",3,2026,60,-23,1.5,1.56265664160401,0,11,9,6,1,5,"aaainorrstuwy"
"Croatia","Austria",3,2026,30,74,1.74320241691843,1.56265664160401,0,9,12,8,1,0,"aaaaciiorrsttu"
"Belgium","Austria",3,2026,14,325,1.79850746268657,1.56265664160401,0,10,10,1,1,0,"aabegiilmrstuu"
"Morocco","Austria",3,2026,70,-103,1.44757433489828,1.56265664160401,0,5,7,3,1,3,"aaccimooorrstu"
"New Zealand","Austria",3,2026,28,-300,1.72773536895674,1.56265664160401,0,9,11,5,2,6,"aaaadeeilnnrstuwz"
"Denmark","Austria",3,2026,72,141,1.82994011976048,1.56265664160401,0,7,10,1,3,3,"aaadeikmnrrstu"
"Wales","Belgium",3,2026,61,-282,1.24590163934426,1.60572139303483,0,4,10,2,1,2,"abeegillmsuw"
"Denmark","Belgium",3,2026,43,-184,1.82994011976048,1.60572139303483,0,8,9,7,2,0,"abdeegiklmmnru"
"Portugal","Belgium",3,2026,66,-72,1.69009584664537,1.60572139303483,0,8,4,1,0,2,"abeggillmoprtuu"
"Netherlands","Belgium",3,2026,77,-116,2.06024096385542,1.60572139303483,0,1,9,4,1,3,"abdeeeghillmnnrstu"
"Uruguay","Belgium",3,2026,18,-157,1.5968253968254,1.60572139303483,0,10,7,8,3,2,"abeggilmruuuuy"
"Colombia","Belgium",3,2026,42,-215,1.26288659793814,1.60572139303483,0,3,12,4,0,0,"abbcegiillmmoou"
"Ecuador","Belgium",3,2026,78,-285,1.22452830188679,1.60572139303483,0,8,10,8,2,2,"abcdeegilmoruu"
"Wales","Belgium",3,2026,8,-282,1.24590163934426,1.60572139303483,0,11,7,1,0,2,"abeegillmsuw"
"Croatia","Belgium",3,2026,72,-251,1.74320241691843,1.60572139303483,0,1,11,3,3,2,"aabcegiilmortu"
"Brazil","Belgium",3,2026,81,25,2.17165668662675,1.60572139303483,0,11,9,2,2,3,"abbegiillmruz"
"Japan","Belgium",3,2026,64,-367,1.73592493297587,1.60572139303483,0,12,8,4,1,3,"aabegijlmnpu"
"Denmark","Belgium",3,2026,83,-184,1.82994011976048,1.60572139303483,0,10,10,5,0,2,"abdeegiklmmnru"
"England","Belgium",3,2026,88,-149,2.34018691588785,1.60572139303483,0,10,9,5,2,2,"abdeeggillmnnu"
"Chile","Belgium",3,2026,9,-298,1.43020304568528,1.60572139303483,0,6,7,1,0,3,"bceeghiillmu"
"Colombia","Belgium",3,2026,33,-215,1.26288659793814,1.60572139303483,0,4,8,6,0,2,"abbcegiillmmoou"
"England","Belgium",3,2026,52,-149,2.34018691588785,1.60572139303483,0,9,10,8,2,1,"abdeeggillmnnu"
"Jamaica","Belgium",3,2026,93,-527,1.33805031446541,1.60572139303483,1,8,11,1,0,3,"aaabcegiijlmmu"
"Costa Rica","Belgium",3,2026,11,-488,1.76412429378531,1.60572139303483,1,12,10,5,0,3,"aabccegiilmorstu"
"England","Belgium",3,2026,82,-149,2.34018691588785,1.60572139303483,0,9,11,5,2,0,"abdeeggillmnnu"
"Qatar","Belgium",3,2026,50,-472,1.43193277310924,1.60572139303483,0,11,11,2,0,0,"aabegilmqrtu"
"Colombia","Belgium",3,2026,54,-215,1.26288659793814,1.60572139303483,0,8,9,1,1,0,"abbcegiillmmoou"
"Egypt","Belgium",3,2026,31,-506,1.7599486521181,1.60572139303483,0,10,5,2,2,2,"beeggilmptuy"
"Cameroon","Belgium",3,2026,26,-504,1.45101351351351,1.60572139303483,0,8,12,6,0,2,"abceegilmmnooru"
"England","Belgium",3,2026,34,-149,2.34018691588785,1.60572139303483,0,6,7,2,1,2,"abdeeggillmnnu"
"Norway","Belgium",3,2026,76,-348,1.5,1.60572139303483,0,2,12,3,0,4,"abegilmnoruwy"
"Chile","Belgium",3,2026,6,-298,1.43020304568528,1.60572139303483,0,5,9,3,1,1,"bceeghiillmu"
"Senegal","Belgium",3,2026,15,-353,1.32565789473684,1.60572139303483,0,2,10,8,1,3,"abeeeggillmnsu"
"Italy","Belgium",3,2026,59,-113,1.74007220216607,1.60572139303483,0,4,11,4,0,1,"abegiillmtuy"
"England","Belgium",3,2026,70,-149,2.34018691588785,1.60572139303483,0,9,11,2,1,0,"abdeeggillmnnu"
"France","Belgium",3,2026,12,-19,1.77893518518519,1.60572139303483,0,4,7,3,1,1,"abceefgilmnru"
"Chile","Belgium",3,2026,4,-298,1.43020304568528,1.60572139303483,0,12,7,1,0,1,"bceeghiillmu"
"Netherlands","Belgium",3,2026,3,-116,2.06024096385542,1.60572139303483,0,1,12,7,2,0,"abdeeeghillmnnrstu"
"Netherlands","Belgium",3,2026,45,-116,2.06024096385542,1.60572139303483,0,9,4,7,1,2,"abdeeeghillmnnrstu"
"Italy","Belgium",3,2026,97,-113,1.74007220216607,1.60572139303483,0,4,9,6,0,1,"abegiillmtuy"
"Mexico","Belgium",3,2026,74,-180,1.81209503239741,1.60572139303483,1,2,9,8,0,2,"bceegiilmmoux"
"England","Belgium",3,2026,100,-149,2.34018691588785,1.60572139303483,0,11,12,2,0,3,"abdeeggillmnnu"
"Uruguay","Belgium",3,2026,55,-157,1.5968253968254,1.60572139303483,0,4,12,4,1,1,"abeggilmruuuuy"
"Morocco","Belgium",3,2026,62,-428,1.44757433489828,1.60572139303483,0,3,12,8,0,3,"bccegilmmoooru"
"Brazil","Belgium",3,2026,25,25,2.17165668662675,1.60572139303483,0,9,7,2,3,3,"abbegiillmruz"
"England","Belgium",3,2026,30,-149,2.34018691588785,1.60572139303483,0,9,10,2,2,0,"abdeeggillmnnu"
"France","Belgium",3,2026,2,-19,1.77893518518519,1.60572139303483,0,9,6,7,0,1,"abceefgilmnru"
"Brazil","Belgium",3,2026,99,25,2.17165668662675,1.60572139303483,0,7,8,4,0,2,"abbegiillmruz"
"Brazil","Belgium",3,2026,40,25,2.17165668662675,1.60572139303483,0,12,4,5,2,1,"abbegiillmruz"
"Iran","Belgium",3,2026,38,-348,1.87234042553191,1.60572139303483,0,5,12,7,0,4,"abegiilmnru"
"Wales","Belgium",3,2026,90,-282,1.24590163934426,1.60572139303483,0,4,8,4,1,0,"abeegillmsuw"
"Spain","Belgium",3,2026,10,-61,2.00704225352113,1.60572139303483,0,8,5,2,1,2,"abegiilmnpsu"
"Uruguay","Belgium",3,2026,51,-157,1.5968253968254,1.60572139303483,0,8,11,8,0,1,"abeggilmruuuuy"
"France","Belgium",3,2026,46,-19,1.77893518518519,1.60572139303483,0,9,8,8,2,3,"abceefgilmnru"
"Senegal","Belgium",3,2026,53,-353,1.32565789473684,1.60572139303483,0,7,11,6,0,1,"abeeeggillmnsu"
"Ghana","Belgium",3,2026,39,-505,1.62697274031564,1.60572139303483,0,8,5,2,1,2,"aabegghilmnu"
"Netherlands","Belgium",3,2026,94,-116,2.06024096385542,1.60572139303483,0,1,7,3,1,3,"abdeeeghillmnnrstu"
"Qatar","Belgium",3,2026,29,-472,1.43193277310924,1.60572139303483,0,8,12,6,0,2,"aabegilmqrtu"
"Paraguay","Belgium",3,2026,92,-342,1.30547945205479,1.60572139303483,0,12,8,1,1,0,"aaabeggilmpruuy"
"Mexico","Belgium",3,2026,63,-180,1.81209503239741,1.60572139303483,1,2,10,5,1,1,"bceegiilmmoux"
"Korea Republic","Belgium",3,2026,13,-339,1.80635245901639,1.60572139303483,0,6,8,2,0,3,"abbceeegiikllmoprruu"
"Egypt","Belgium",3,2026,48,-506,1.7599486521181,1.60572139303483,0,6,5,8,2,3,"beeggilmptuy"
"Ecuador","Belgium",3,2026,22,-285,1.22452830188679,1.60572139303483,0,12,9,8,0,1,"abcdeegilmoruu"
"United States","Belgium",3,2026,56,-365,1.46428571428571,1.60572139303483,1,1,5,6,1,5,"abdeeegiilmnsstttuu"
"Iran","Belgium",3,2026,5,-348,1.87234042553191,1.60572139303483,0,9,10,6,1,3,"abegiilmnru"
"Spain","Belgium",3,2026,75,-61,2.00704225352113,1.60572139303483,0,11,8,2,0,0,"abegiilmnpsu"
"Germany","Belgium",3,2026,80,-155,2.24226804123711,1.60572139303483,0,3,4,3,0,1,"abeeggilmmnruy"
"Spain","Belgium",3,2026,79,-61,2.00704225352113,1.60572139303483,0,8,11,2,3,2,"abegiilmnpsu"
"Wales","Belgium",3,2026,27,-282,1.24590163934426,1.60572139303483,0,11,7,3,1,1,"abeegillmsuw"
"Croatia","Belgium",3,2026,73,-251,1.74320241691843,1.60572139303483,0,12,11,6,1,5,"aabcegiilmortu"
"Netherlands","Belgium",3,2026,85,-116,2.06024096385542,1.60572139303483,0,9,11,4,1,3,"abdeeeghillmnnrstu"
"Wales","Belgium",3,2026,49,-282,1.24590163934426,1.60572139303483,0,1,7,3,0,1,"abeegillmsuw"
"France","Belgium",3,2026,69,-19,1.77893518518519,1.60572139303483,0,12,10,2,1,2,"abceefgilmnru"
"Japan","Belgium",3,2026,84,-367,1.73592493297587,1.60572139303483,0,6,9,5,1,3,"aabegijlmnpu"
"France","Belgium",3,2026,98,-19,1.77893518518519,1.60572139303483,0,10,12,3,0,1,"abceefgilmnru"
"Poland","Belgium",3,2026,32,-298,1.70023419203747,1.60572139303483,0,6,9,5,2,2,"abdegillmnopu"
"Chile","Belgium",3,2026,1,-298,1.43020304568528,1.60572139303483,0,6,12,5,1,2,"bceeghiillmu"
"Brazil","Belgium",3,2026,35,25,2.17165668662675,1.60572139303483,0,12,11,6,2,2,"abbegiillmruz"
"France","Brazil",3,2026,79,-44,1.77893518518519,0.902195608782435,0,12,7,3,0,0,"aabcefilnrrz"
"France","Brazil",3,2026,60,-44,1.77893518518519,0.902195608782435,0,11,12,2,1,0,"aabcefilnrrz"
"Netherlands","Brazil",3,2026,24,-141,2.06024096385542,0.902195608782435,0,7,8,3,1,3,"aabdeehillnnrrstz"
"Spain","Brazil",3,2026,97,-86,2.00704225352113,0.902195608782435,0,11,5,5,2,2,"aabiilnprsz"
"Chile","Brazil",3,2026,72,-323,1.43020304568528,0.902195608782435,0,6,4,4,2,2,"abcehiillrz"
"England","Brazil",3,2026,96,-174,2.34018691588785,0.902195608782435,0,6,5,3,3,3,"aabdegillnnrz"
"Croatia","Brazil",3,2026,66,-276,1.74320241691843,0.902195608782435,0,12,11,3,0,1,"aaabciilorrtz"
"Germany","Brazil",3,2026,59,-180,2.24226804123711,0.902195608782435,0,3,6,3,0,1,"aabegilmnrryz"
"Switzerland","Brazil",3,2026,57,-265,1.46446078431373,0.902195608782435,0,10,7,1,3,1,"aabdeiillnrrstwzz"
"Italy","Brazil",3,2026,43,-138,1.74007220216607,0.902195608782435,0,12,4,1,0,2,"aabiillrtyz"
"Wales","Brazil",3,2026,75,-307,1.24590163934426,0.902195608782435,0,6,6,3,0,2,"aabeillrswz"
"France","Brazil",3,2026,51,-44,1.77893518518519,0.902195608782435,0,10,7,1,1,2,"aabcefilnrrz"
"Switzerland","Brazil",3,2026,7,-265,1.46446078431373,0.902195608782435,0,3,7,4,0,3,"aabdeiillnrrstwzz"
"Uruguay","Brazil",3,2026,93,-182,1.5968253968254,0.902195608782435,0,8,9,3,2,2,"aabgilrruuuyz"
"Germany","Brazil",3,2026,73,-180,2.24226804123711,0.902195608782435,0,1,9,8,0,1,"aabegilmnrryz"
"Ecuador","Brazil",3,2026,95,-310,1.22452830188679,0.902195608782435,0,9,10,5,0,1,"aabcdeilorruz"
"Mexico","Brazil",3,2026,78,-205,1.81209503239741,0.902195608782435,1,2,5,3,1,0,"abceiilmorxz"
"Germany","Brazil",3,2026,86,-180,2.24226804123711,0.902195608782435,0,6,12,6,1,3,"aabegilmnrryz"
"Uruguay","Brazil",3,2026,8,-182,1.5968253968254,0.902195608782435,0,11,12,4,1,1,"aabgilrruuuyz"
"Chile","Brazil",3,2026,13,-323,1.43020304568528,0.902195608782435,0,11,5,5,1,3,"abcehiillrz"
"Netherlands","Brazil",3,2026,83,-141,2.06024096385542,0.902195608782435,0,5,7,7,0,1,"aabdeehillnnrrstz"
"Denmark","Brazil",3,2026,58,-209,1.82994011976048,0.902195608782435,0,1,10,1,3,0,"aabdeiklmnrrz"
"Egypt","Brazil",3,2026,16,-531,1.7599486521181,0.902195608782435,0,12,12,3,0,2,"abegilprtyz"
"Denmark","Brazil",3,2026,15,-209,1.82994011976048,0.902195608782435,0,6,4,5,1,2,"aabdeiklmnrrz"
"Iran","Brazil",3,2026,49,-373,1.87234042553191,0.902195608782435,0,4,6,1,1,1,"aabiilnrrz"
"France","Brazil",3,2026,45,-44,1.77893518518519,0.902195608782435,0,5,10,3,1,1,"aabcefilnrrz"
"Norway","Brazil",3,2026,89,-373,1.5,0.902195608782435,0,1,7,8,1,3,"aabilnorrwyz"
"Scotland","Brazil",3,2026,98,-476,1.72257250945776,0.902195608782435,0,8,11,6,1,1,"aabcdillnorstz"
"England","Brazil",3,2026,4,-174,2.34018691588785,0.902195608782435,0,10,6,3,3,4,"aabdegillnnrz"
"Iran","Brazil",3,2026,100,-373,1.87234042553191,0.902195608782435,0,1,6,7,1,2,"aabiilnrrz"
"Italy","Brazil",3,2026,11,-138,1.74007220216607,0.902195608782435,0,8,12,3,1,2,"aabiillrtyz"
"Mexico","Brazil",3,2026,31,-205,1.81209503239741,0.902195608782435,1,2,9,4,1,2,"abceiilmorxz"
"Denmark","Brazil",3,2026,9,-209,1.82994011976048,0.902195608782435,0,2,8,2,1,3,"aabdeiklmnrrz"
"Chile","Brazil",3,2026,82,-323,1.43020304568528,0.902195608782435,0,4,8,2,0,1,"abcehiillrz"
"Portugal","Brazil",3,2026,90,-97,1.69009584664537,0.902195608782435,0,7,9,6,1,0,"aabgilloprrtuz"
"Egypt","Brazil",3,2026,74,-531,1.7599486521181,0.902195608782435,0,1,6,6,1,2,"abegilprtyz"
"Ecuador","Brazil",3,2026,70,-310,1.22452830188679,0.902195608782435,0,10,6,4,0,3,"aabcdeilorruz"
"Wales","Brazil",3,2026,80,-307,1.24590163934426,0.902195608782435,0,8,5,1,0,2,"aabeillrswz"
"France","Brazil",3,2026,3,-44,1.77893518518519,0.902195608782435,0,6,7,3,3,0,"aabcefilnrrz"
"Ecuador","Brazil",3,2026,85,-310,1.22452830188679,0.902195608782435,0,3,8,5,0,1,"aabcdeilorruz"
"Qatar","Brazil",3,2026,71,-497,1.43193277310924,0.902195608782435,0,10,10,1,2,4,"aaabilqrrtz"
"Poland","Brazil",3,2026,46,-323,1.70023419203747,0.902195608782435,0,1,12,6,0,6,"aabdillnoprz"
"England","Brazil",3,2026,1,-174,2.34018691588785,0.902195608782435,0,7,11,2,2,1,"aabdegillnnrz"
"Saudi Arabia","Brazil",3,2026,20,-582,1.59034482758621,0.902195608782435,0,7,11,5,0,4,"aaaaabbdiiilrrsuz"
"Egypt","Brazil",3,2026,32,-531,1.7599486521181,0.902195608782435,0,1,4,6,0,4,"abegilprtyz"
"Denmark","Brazil",3,2026,64,-209,1.82994011976048,0.902195608782435,0,6,4,6,1,1,"aabdeiklmnrrz"
"Italy","Brazil",3,2026,52,-138,1.74007220216607,0.902195608782435,0,4,8,3,1,1,"aabiillrtyz"
"Ecuador","Brazil",3,2026,88,-310,1.22452830188679,0.902195608782435,0,3,8,8,0,2,"aabcdeilorruz"
"Chile","Brazil",3,2026,68,-323,1.43020304568528,0.902195608782435,0,9,4,4,0,6,"abcehiillrz"
"Netherlands","Brazil",3,2026,36,-141,2.06024096385542,0.902195608782435,0,4,11,4,2,1,"aabdeehillnnrrstz"
"Uzbekistan","Brazil",3,2026,44,-586,1.7248322147651,0.902195608782435,0,4,4,7,1,5,"aabbeiiklnrstuzz"
"Korea Republic","Brazil",3,2026,12,-364,1.80635245901639,0.902195608782435,0,2,11,8,2,1,"aabbceeiiklloprrruz"
"Switzerland","Brazil",3,2026,19,-265,1.46446078431373,0.902195608782435,0,2,10,2,1,3,"aabdeiillnrrstwzz"
"Portugal","Brazil",3,2026,41,-97,1.69009584664537,0.902195608782435,0,4,8,5,0,1,"aabgilloprrtuz"
"Ecuador","Brazil",3,2026,29,-310,1.22452830188679,0.902195608782435,0,1,7,4,2,3,"aabcdeilorruz"
"Netherlands","Brazil",3,2026,91,-141,2.06024096385542,0.902195608782435,0,10,11,8,0,2,"aabdeehillnnrrstz"
"Norway","Brazil",3,2026,34,-373,1.5,0.902195608782435,0,10,4,7,0,3,"aabilnorrwyz"
"Morocco","Brazil",3,2026,94,-453,1.44757433489828,0.902195608782435,0,1,10,5,0,1,"abccilmooorrz"
"Tunisia","Brazil",3,2026,77,-518,1.41592920353982,0.902195608782435,0,3,11,3,0,1,"aabiiilnrstuz"
"Germany","Brazil",3,2026,48,-180,2.24226804123711,0.902195608782435,0,11,12,2,0,3,"aabegilmnrryz"
"Nigeria","Brazil",3,2026,63,-466,1.49295774647887,0.902195608782435,0,6,4,7,1,5,"aabegiiilnrrz"
"Croatia","Brazil",3,2026,84,-276,1.74320241691843,0.902195608782435,0,1,10,3,0,5,"aaabciilorrtz"
"Mexico","Brazil",3,2026,28,-205,1.81209503239741,0.902195608782435,1,2,9,2,1,2,"abceiilmorxz"
"France","Brazil",3,2026,27,-44,1.77893518518519,0.902195608782435,0,6,10,1,0,3,"aabcefilnrrz"
"Portugal","Brazil",3,2026,54,-97,1.69009584664537,0.902195608782435,0,11,7,4,0,5,"aabgilloprrtuz"
"Croatia","Brazil",3,2026,17,-276,1.74320241691843,0.902195608782435,0,11,6,4,0,0,"aaabciilorrtz"
"United States","Brazil",3,2026,37,-390,1.46428571428571,0.902195608782435,1,1,9,5,4,2,"aabdeeiilnrsstttuz"
"Iran","Brazil",3,2026,61,-373,1.87234042553191,0.902195608782435,0,5,11,3,0,2,"aabiilnrrz"
"Ghana","Brazil",3,2026,69,-530,1.62697274031564,0.902195608782435,0,3,9,3,0,3,"aaabghilnrz"
"Germany","Brazil",3,2026,33,-180,2.24226804123711,0.902195608782435,0,9,12,2,2,4,"aabegilmnrryz"
"Spain","Brazil",3,2026,26,-86,2.00704225352113,0.902195608782435,0,8,10,2,3,1,"aabiilnprsz"
"Costa Rica","Cameroon",3,2026,35,16,1.76412429378531,1.10304054054054,1,11,9,1,2,2,"aaaccceimnooorrst"
"Chile","Cameroon",3,2026,27,206,1.43020304568528,1.10304054054054,0,8,2,2,2,0,"acceehilmnoor"
"Uzbekistan","Cameroon",3,2026,16,-57,1.7248322147651,1.10304054054054,0,1,5,7,2,1,"aabceeikmnnoorstuz"
"Korea Republic","Cameroon",3,2026,91,165,1.80635245901639,1.10304054054054,0,11,5,6,2,2,"aabcceeeiklmnoooprrru"
"Denmark","Cameroon",3,2026,42,320,1.82994011976048,1.10304054054054,0,7,6,8,1,1,"aacdeekmmnnoorr"
"Costa Rica","Canada",3,2026,65,23,1.76412429378531,1.33004926108374,0,4,3,6,0,0,"aaaaacccdinorst"
"Chile","Canada",3,2026,14,213,1.43020304568528,1.33004926108374,-1,1,3,4,3,0,"aaaccdehiln"
"Colombia","Canada",3,2026,9,296,1.26288659793814,1.33004926108374,-1,5,3,3,5,0,"aaaabccdilmnoo"
"Jamaica","Canada",3,2026,1,-16,1.33805031446541,1.33004926108374,0,12,3,6,1,0,"aaaaaaccdijmn"
"Paraguay","Canada",3,2026,76,169,1.30547945205479,1.33004926108374,-1,5,3,2,0,0,"aaaaaacdgnpruy"
"Spain","Canada",3,2026,15,450,2.00704225352113,1.33004926108374,-1,9,3,6,2,0,"aaaacdinnps"
"England","Canada",3,2026,17,362,2.34018691588785,1.33004926108374,-1,10,3,8,1,0,"aaaacddeglnnn"
"Wales","Canada",3,2026,82,229,1.24590163934426,1.33004926108374,-1,1,3,3,0,2,"aaaacdelnsw"
"Switzerland","Canada",3,2026,66,271,1.46446078431373,1.33004926108374,-1,5,3,5,3,0,"aaaacddeilnnrstwz"
"England","Canada",3,2026,8,362,2.34018691588785,1.33004926108374,-1,9,3,2,3,0,"aaaacddeglnnn"
"Croatia","Chile",3,2026,12,47,1.74320241691843,1.44035532994924,0,9,10,6,0,1,"aaccehiilort"
"Poland","Chile",3,2026,60,0,1.70023419203747,1.44035532994924,0,7,11,1,2,0,"acdehillnop"
"Netherlands","Chile",3,2026,93,182,2.06024096385542,1.44035532994924,0,4,6,8,0,3,"acdeeehhillnnrst"
"Germany","Chile",3,2026,23,143,2.24226804123711,1.44035532994924,0,12,10,6,1,1,"aceeghilmnry"
"Korea Republic","Chile",3,2026,54,-41,1.80635245901639,1.44035532994924,0,5,1,2,0,4,"abcceeehiiklloprru"
"Costa Rica","Chile",3,2026,25,-190,1.76412429378531,1.44035532994924,1,11,10,8,2,1,"aacccehiilorst"
"Italy","Chile",3,2026,89,185,1.74007220216607,1.44035532994924,0,5,12,4,3,0,"acehiillty"
"Mexico","Chile",3,2026,62,118,1.81209503239741,1.44035532994924,1,2,11,3,3,1,"cceehiilmox"
"England","Chile",3,2026,28,149,2.34018691588785,1.44035532994924,0,7,6,7,1,1,"acdeeghillnn"
"Denmark","Chile",3,2026,85,114,1.82994011976048,1.44035532994924,0,12,2,2,4,1,"acdeehiklmnr"
"Portugal","Chile",3,2026,80,226,1.69009584664537,1.44035532994924,0,7,7,2,2,0,"aceghilloprtu"
"Poland","Chile",3,2026,78,0,1.70023419203747,1.44035532994924,0,1,3,7,1,0,"acdehillnop"
"Denmark","Chile",3,2026,20,114,1.82994011976048,1.44035532994924,0,12,8,4,0,2,"acdeehiklmnr"
"Spain","Chile",3,2026,86,237,2.00704225352113,1.44035532994924,0,9,3,1,4,2,"acehiilnps"
"Italy","Chile",3,2026,15,185,1.74007220216607,1.44035532994924,0,7,1,1,0,0,"acehiillty"
"Spain","Chile",3,2026,96,237,2.00704225352113,1.44035532994924,0,4,7,7,2,0,"acehiilnps"
"Mexico","Chile",3,2026,59,118,1.81209503239741,1.44035532994924,1,2,1,2,3,2,"cceehiilmox"
"England","Chile",3,2026,46,149,2.34018691588785,1.44035532994924,0,7,2,2,1,0,"acdeeghillnn"
"Ecuador","Chile",3,2026,100,13,1.22452830188679,1.44035532994924,0,3,10,3,0,0,"accdeehiloru"
"Switzerland","Chile",3,2026,83,58,1.46446078431373,1.44035532994924,0,4,8,6,2,1,"acdeehiillnrstwz"
"Egypt","Chile",3,2026,41,-208,1.7599486521181,1.44035532994924,0,9,6,2,0,1,"ceeghilpty"
"Germany","Chile",3,2026,50,143,2.24226804123711,1.44035532994924,0,4,5,6,2,3,"aceeghilmnry"
"Tunisia","Chile",3,2026,8,-195,1.41592920353982,1.44035532994924,0,4,2,6,3,3,"acehiiilnstu"
"Switzerland","Chile",3,2026,94,58,1.46446078431373,1.44035532994924,0,5,7,6,0,1,"acdeehiillnrstwz"
"Croatia","Chile",3,2026,55,47,1.74320241691843,1.44035532994924,0,5,6,8,1,2,"aaccehiilort"
"United States","Chile",3,2026,43,-67,1.46428571428571,1.44035532994924,1,1,9,3,0,2,"acdeeehiilnsstttu"
"Nigeria","Chile",3,2026,36,-143,1.49295774647887,1.44035532994924,0,3,8,5,1,0,"aceeghiiilnr"
"Korea Republic","Chile",3,2026,34,-41,1.80635245901639,1.44035532994924,0,2,3,3,3,5,"abcceeehiiklloprru"
"Korea Republic","Chile",3,2026,67,-41,1.80635245901639,1.44035532994924,0,8,8,1,0,2,"abcceeehiiklloprru"
"Netherlands","Chile",3,2026,47,182,2.06024096385542,1.44035532994924,0,5,3,2,3,1,"acdeeehhillnnrst"
"Netherlands","Chile",3,2026,70,182,2.06024096385542,1.44035532994924,0,12,9,8,1,1,"acdeeehhillnnrst"
"Colombia","Chile",3,2026,97,83,1.26288659793814,1.44035532994924,0,6,1,7,2,0,"abccehiillmoo"
"Colombia","Chile",3,2026,3,83,1.26288659793814,1.44035532994924,0,9,3,8,1,0,"abccehiillmoo"
"Mexico","Chile",3,2026,35,118,1.81209503239741,1.44035532994924,1,2,3,7,0,1,"cceehiilmox"
"Germany","Chile",3,2026,64,143,2.24226804123711,1.44035532994924,0,4,1,5,0,0,"aceeghilmnry"
"Jordan","Chile",3,2026,31,-324,1.18736842105263,1.44035532994924,0,3,5,8,2,2,"acdehijlnor"
"Netherlands","Chile",3,2026,69,182,2.06024096385542,1.44035532994924,0,2,10,7,1,0,"acdeeehhillnnrst"
"Italy","Chile",3,2026,56,185,1.74007220216607,1.44035532994924,0,11,4,5,2,1,"acehiillty"
"Portugal","Chile",3,2026,18,226,1.69009584664537,1.44035532994924,0,5,3,1,0,1,"aceghilloprtu"
"Spain","Colombia",3,2026,72,154,2.00704225352113,1.18900343642612,0,12,9,2,1,1,"aabciilmnoops"
"Spain","Colombia",3,2026,81,154,2.00704225352113,1.18900343642612,0,6,10,1,0,1,"aabciilmnoops"
"Switzerland","Colombia",3,2026,45,-25,1.46446078431373,1.18900343642612,0,2,4,8,1,1,"aabcdeiillmnoorstwz"
"Egypt","Colombia",3,2026,11,-291,1.7599486521181,1.18900343642612,0,9,11,4,1,0,"abcegilmoopty"
"Denmark","Colombia",3,2026,32,31,1.82994011976048,1.18900343642612,0,7,5,7,1,0,"aabcdeiklmmnoor"
"Denmark","Colombia",3,2026,14,31,1.82994011976048,1.18900343642612,0,12,8,7,0,0,"aabcdeiklmmnoor"
"France","Colombia",3,2026,67,196,1.77893518518519,1.18900343642612,0,5,11,2,2,2,"aabccefilmnoor"
"France","Colombia",3,2026,56,196,1.77893518518519,1.18900343642612,0,4,1,8,0,1,"aabccefilmnoor"
"Uruguay","Colombia",3,2026,7,58,1.5968253968254,1.18900343642612,0,4,6,7,2,0,"aabcgilmooruuuy"
"Jamaica","Colombia",3,2026,38,-312,1.33805031446541,1.18900343642612,1,8,11,8,0,3,"aaaabcciijlmmoo"
"Japan","Colombia",3,2026,29,-152,1.73592493297587,1.18900343642612,0,9,8,5,5,1,"aaabcijlmnoop"
"Korea Republic","Colombia",3,2026,50,-124,1.80635245901639,1.18900343642612,0,1,9,7,1,1,"aabbcceeiikllmoooprru"
"United States","Colombia",3,2026,89,-150,1.46428571428571,1.18900343642612,1,1,6,5,1,0,"aabcdeeiilmnoosstttu"
"Italy","Colombia",3,2026,26,102,1.74007220216607,1.18900343642612,0,11,12,4,1,1,"aabciillmooty"
"Mexico","Colombia",3,2026,25,35,1.81209503239741,1.18900343642612,1,2,2,5,2,0,"abcceiilmmooox"
"Denmark","Colombia",3,2026,10,31,1.82994011976048,1.18900343642612,0,11,6,3,0,1,"aabcdeiklmmnoor"
"Jamaica","Colombia",3,2026,30,-312,1.33805031446541,1.18900343642612,1,10,11,4,1,1,"aaaabcciijlmmoo"
"Italy","Colombia",3,2026,82,102,1.74007220216607,1.18900343642612,0,12,9,1,1,0,"aabciillmooty"
"Italy","Colombia",3,2026,79,102,1.74007220216607,1.18900343642612,0,5,8,7,1,0,"aabciillmooty"
"Scotland","Colombia",3,2026,22,-236,1.72257250945776,1.18900343642612,0,4,8,5,0,3,"aabccdillmnooost"
"Netherlands","Colombia",3,2026,63,99,2.06024096385542,1.18900343642612,0,4,3,1,0,1,"aabcdeehillmnnoorst"
"Morocco","Colombia",3,2026,87,-213,1.44757433489828,1.18900343642612,0,12,5,5,2,0,"abcccilmmooooor"
"Netherlands","Colombia",3,2026,15,99,2.06024096385542,1.18900343642612,0,9,3,3,2,0,"aabcdeehillmnnoorst"
"Spain","Colombia",3,2026,83,154,2.00704225352113,1.18900343642612,0,9,1,1,2,0,"aabciilmnoops"
"Japan","Colombia",3,2026,61,-152,1.73592493297587,1.18900343642612,0,8,12,4,0,4,"aaabcijlmnoop"
"United States","Colombia",3,2026,88,-150,1.46428571428571,1.18900343642612,1,1,2,6,5,1,"aabcdeeiilmnoosstttu"
"Germany","Colombia",3,2026,77,60,2.24226804123711,1.18900343642612,0,4,2,2,1,1,"aabcegilmmnoory"
"Germany","Colombia",3,2026,1,60,2.24226804123711,1.18900343642612,0,8,2,4,0,1,"aabcegilmmnoory"
"Japan","Colombia",3,2026,47,-152,1.73592493297587,1.18900343642612,0,7,9,4,1,0,"aaabcijlmnoop"
"Germany","Colombia",3,2026,69,60,2.24226804123711,1.18900343642612,0,6,5,8,0,1,"aabcegilmmnoory"
"England","Colombia",3,2026,60,66,2.34018691588785,1.18900343642612,0,5,10,8,2,2,"aabcdegillmnnoo"
"Egypt","Colombia",3,2026,21,-291,1.7599486521181,1.18900343642612,0,4,5,3,4,1,"abcegilmoopty"
"Croatia","Colombia",3,2026,91,-36,1.74320241691843,1.18900343642612,0,5,2,5,0,1,"aaabcciilmooort"
"Portugal","Colombia",3,2026,59,143,1.69009584664537,1.18900343642612,0,5,8,8,1,0,"aabcgillmoooprtu"
"Denmark","Colombia",3,2026,49,31,1.82994011976048,1.18900343642612,0,2,8,4,2,5,"aabcdeiklmmnoor"
"Saudi Arabia","Colombia",3,2026,76,-342,1.59034482758621,1.18900343642612,0,11,7,5,1,3,"aaaaabbcdiiilmoorsu"
"Portugal","Colombia",3,2026,96,143,1.69009584664537,1.18900343642612,0,11,1,1,1,0,"aabcgillmoooprtu"
"Wales","Colombia",3,2026,35,-67,1.24590163934426,1.18900343642612,0,5,4,8,0,1,"aabceillmoosw"
"Jamaica","Colombia",3,2026,34,-312,1.33805031446541,1.18900343642612,1,5,2,8,0,1,"aaaabcciijlmmoo"
"Costa Rica","Colombia",3,2026,5,-273,1.76412429378531,1.18900343642612,1,9,4,8,0,1,"aaabccciilmooorst"
"Denmark","Colombia",3,2026,70,31,1.82994011976048,1.18900343642612,0,5,1,7,1,2,"aabcdeiklmmnoor"
"Morocco","Colombia",3,2026,90,-213,1.44757433489828,1.18900343642612,0,10,12,1,0,1,"abcccilmmooooor"
"Germany","Costa Rica",3,2026,52,333,2.24226804123711,1.14971751412429,-1,9,6,6,4,0,"aaaccegimnorrsty"
"Korea Republic","Costa Rica",3,2026,80,149,1.80635245901639,1.14971751412429,-1,2,4,7,1,1,"aaabccceeiiklooprrrstu"
"Iran","Costa Rica",3,2026,63,140,1.87234042553191,1.14971751412429,-1,2,10,8,1,1,"aaacciinorrst"
"England","Costa Rica",3,2026,44,339,2.34018691588785,1.14971751412429,-1,10,12,6,0,1,"aaaccdegilnnorst"
"Mexico","Costa Rica",3,2026,60,308,1.81209503239741,1.14971751412429,0,2,7,7,1,1,"aaccceiimoorstx"
"Netherlands","Costa Rica",3,2026,2,372,2.06024096385542,1.14971751412429,-1,4,8,8,1,0,"aaaccdeehilnnorrsstt"
"Uruguay","Costa Rica",3,2026,37,331,1.5968253968254,1.14971751412429,-1,10,4,7,0,0,"aaaccgiorrstuuuy"
"Spain","Costa Rica",3,2026,85,427,2.00704225352113,1.14971751412429,-1,6,6,3,0,1,"aaacciinoprsst"
"Switzerland","Costa Rica",3,2026,28,248,1.46446078431373,1.14971751412429,-1,12,6,3,0,3,"aaaccdeiilnorrssttwz"
"Italy","Costa Rica",3,2026,81,375,1.74007220216607,1.14971751412429,-1,12,6,3,2,0,"aaacciilorstty"
"Norway","Croatia",3,2026,96,-97,1.5,1.02416918429003,0,12,4,5,1,0,"aaacinoorrtwy"
"Scotland","Croatia",3,2026,37,-200,1.72257250945776,1.02416918429003,0,12,10,3,1,3,"aaaccdilnoorstt"
"Spain","Croatia",3,2026,76,190,2.00704225352113,1.02416918429003,0,4,1,4,2,0,"aaaciinoprst"
"Germany","Croatia",3,2026,100,96,2.24226804123711,1.02416918429003,0,12,8,8,1,3,"aaacegimnorrty"
"Italy","Croatia",3,2026,31,138,1.74007220216607,1.02416918429003,0,7,9,6,0,0,"aaaciilortty"
"Denmark","Croatia",3,2026,44,67,1.82994011976048,1.02416918429003,0,2,10,3,2,0,"aaacdeikmnorrt"
"England","Croatia",3,2026,41,102,2.34018691588785,1.02416918429003,0,6,9,7,2,0,"aaacdegilnnort"
"Senegal","Croatia",3,2026,60,-102,1.32565789473684,1.02416918429003,0,8,6,3,4,0,"aaaceegilnorst"
"Denmark","Croatia",3,2026,87,67,1.82994011976048,1.02416918429003,0,3,7,1,3,1,"aaacdeikmnorrt"
"Korea Republic","Croatia",3,2026,23,-88,1.80635245901639,1.02416918429003,0,9,8,3,3,1,"aaabcceeiiklooprrrtu"
"Scotland","Croatia",3,2026,13,-200,1.72257250945776,1.02416918429003,0,10,2,7,3,2,"aaaccdilnoorstt"
"Spain","Croatia",3,2026,99,190,2.00704225352113,1.02416918429003,0,4,3,8,3,1,"aaaciinoprst"
"Nigeria","Croatia",3,2026,52,-190,1.49295774647887,1.02416918429003,0,9,8,7,0,2,"aaacegiiinorrt"
"France","Croatia",3,2026,75,232,1.77893518518519,1.02416918429003,0,7,10,4,2,0,"aaaccefinorrt"
"Spain","Croatia",3,2026,40,190,2.00704225352113,1.02416918429003,0,9,1,2,1,1,"aaaciinoprst"
"Portugal","Croatia",3,2026,46,179,1.69009584664537,1.02416918429003,0,11,3,5,2,0,"aaacgilooprrttu"
"Denmark","Croatia",3,2026,62,67,1.82994011976048,1.02416918429003,0,10,6,6,1,2,"aaacdeikmnorrt"
"Denmark","Croatia",3,2026,28,67,1.82994011976048,1.02416918429003,0,8,5,4,2,3,"aaacdeikmnorrt"
"Italy","Croatia",3,2026,18,138,1.74007220216607,1.02416918429003,0,8,6,4,2,0,"aaaciilortty"
"France","Croatia",3,2026,83,232,1.77893518518519,1.02416918429003,0,8,7,4,0,1,"aaaccefinorrt"
"Korea Republic","Croatia",3,2026,6,-88,1.80635245901639,1.02416918429003,0,6,11,5,2,0,"aaabcceeiiklooprrrtu"
"Spain","Croatia",3,2026,51,190,2.00704225352113,1.02416918429003,0,12,3,5,1,1,"aaaciinoprst"
"Spain","Croatia",3,2026,48,190,2.00704225352113,1.02416918429003,0,9,7,7,1,1,"aaaciinoprst"
"Norway","Croatia",3,2026,95,-97,1.5,1.02416918429003,0,11,8,7,2,0,"aaacinoorrtwy"
"Senegal","Croatia",3,2026,16,-102,1.32565789473684,1.02416918429003,0,8,12,8,2,2,"aaaceegilnorst"
"Denmark","Croatia",3,2026,79,67,1.82994011976048,1.02416918429003,0,5,4,1,0,2,"aaacdeikmnorrt"
"Uzbekistan","Croatia",3,2026,67,-310,1.7248322147651,1.02416918429003,0,2,3,3,2,3,"aaabceiiknorsttuz"
"Portugal","Croatia",3,2026,33,179,1.69009584664537,1.02416918429003,0,7,5,4,0,1,"aaacgilooprrttu"
"Uruguay","Croatia",3,2026,50,94,1.5968253968254,1.02416918429003,0,7,7,4,1,1,"aaacgiorrtuuuy"
"England","Croatia",3,2026,19,102,2.34018691588785,1.02416918429003,0,12,10,8,1,2,"aaacdegilnnort"
"Netherlands","Croatia",3,2026,10,135,2.06024096385542,1.02416918429003,0,2,3,4,2,3,"aaacdeehilnnorrstt"
"Denmark","Croatia",3,2026,68,67,1.82994011976048,1.02416918429003,0,3,4,3,1,0,"aaacdeikmnorrt"
"Wales","Denmark",3,2026,48,-98,1.24590163934426,1.37724550898204,0,8,1,1,0,2,"aadeeklmnrsw"
"France","Denmark",3,2026,89,165,1.77893518518519,1.37724550898204,0,8,8,6,0,1,"aacdeefkmnnrr"
"France","Denmark",3,2026,6,165,1.77893518518519,1.37724550898204,0,7,7,2,2,1,"aacdeefkmnnrr"
"Korea Republic","Denmark",3,2026,98,-155,1.80635245901639,1.37724550898204,0,11,9,5,1,4,"aabcdeeeikklmnoprrru"
"England","Denmark",3,2026,21,35,2.34018691588785,1.37724550898204,0,9,3,6,3,0,"aaddeegklmnnnr"
"France","Denmark",3,2026,40,165,1.77893518518519,1.37724550898204,0,10,5,7,1,0,"aacdeefkmnnrr"
"Morocco","Denmark",3,2026,51,-244,1.44757433489828,1.37724550898204,0,2,4,6,0,2,"accdekmmnooorr"
"Jamaica","Denmark",3,2026,25,-343,1.33805031446541,1.37724550898204,1,10,8,7,0,2,"aaaacdeijkmmnr"
"Poland","Denmark",3,2026,5,-114,1.70023419203747,1.37724550898204,0,2,10,7,0,2,"aaddeklmnnopr"
"Paraguay","Denmark",3,2026,47,-158,1.30547945205479,1.37724550898204,0,2,8,5,2,1,"aaaadegkmnprruy"
"Portugal","Denmark",3,2026,31,112,1.69009584664537,1.37724550898204,0,12,3,7,1,0,"aadegklmnoprrtu"
"Italy","Denmark",3,2026,77,71,1.74007220216607,1.37724550898204,0,7,7,8,2,0,"aadeiklmnrty"
"Spain","Denmark",3,2026,36,123,2.00704225352113,1.37724550898204,0,6,2,8,1,1,"aadeikmnnprs"
"Italy","Denmark",3,2026,39,71,1.74007220216607,1.37724550898204,0,9,4,7,0,1,"aadeiklmnrty"
"Netherlands","Denmark",3,2026,37,68,2.06024096385542,1.37724550898204,0,8,9,6,1,1,"aaddeeehklmnnnrrst"
"Morocco","Denmark",3,2026,54,-244,1.44757433489828,1.37724550898204,0,9,12,6,1,3,"accdekmmnooorr"
"Portugal","Denmark",3,2026,13,112,1.69009584664537,1.37724550898204,0,12,7,8,0,0,"aadegklmnoprrtu"
"Spain","Denmark",3,2026,71,123,2.00704225352113,1.37724550898204,0,7,12,4,1,1,"aadeikmnnprs"
"Spain","Denmark",3,2026,65,123,2.00704225352113,1.37724550898204,0,8,10,3,2,4,"aadeikmnnprs"
"Uruguay","Denmark",3,2026,97,27,1.5968253968254,1.37724550898204,0,8,2,8,0,2,"aadegkmnrruuuy"
"Uruguay","Denmark",3,2026,96,27,1.5968253968254,1.37724550898204,0,9,8,4,0,0,"aadegkmnrruuuy"
"Ecuador","Denmark",3,2026,27,-101,1.22452830188679,1.37724550898204,0,1,9,7,0,0,"aacddeekmnorru"
"Japan","Denmark",3,2026,53,-183,1.73592493297587,1.37724550898204,0,5,6,7,1,2,"aaadejkmnnpr"
"Mexico","Denmark",3,2026,38,4,1.81209503239741,1.37724550898204,1,2,6,1,3,0,"acdeeikmmnorx"
"Germany","Denmark",3,2026,92,29,2.24226804123711,1.37724550898204,0,9,7,5,1,0,"aadeegkmmnnrry"
"United States","Denmark",3,2026,93,-181,1.46428571428571,1.37724550898204,1,1,7,5,0,4,"aaddeeeikmnnrsstttu"
"France","Denmark",3,2026,99,165,1.77893518518519,1.37724550898204,0,10,4,2,2,1,"aacdeefkmnnrr"
"Portugal","Ecuador",3,2026,6,213,1.69009584664537,1.60566037735849,0,6,6,1,4,1,"aacdeglooprrtuu"
"England","Ecuador",3,2026,64,136,2.34018691588785,1.60566037735849,0,5,9,7,3,0,"aacddeeglnnoru"
"England","Ecuador",3,2026,33,136,2.34018691588785,1.60566037735849,0,11,3,1,2,0,"aacddeeglnnoru"
"Spain","Ecuador",3,2026,55,224,2.00704225352113,1.60566037735849,0,11,1,2,3,1,"aacdeinoprsu"
"Poland","Ecuador",3,2026,28,-13,1.70023419203747,1.60566037735849,0,1,7,1,2,1,"aacddelnoopru"
"Italy","Ecuador",3,2026,41,172,1.74007220216607,1.60566037735849,0,11,11,3,2,0,"aacdeilortuy"
"Senegal","Ecuador",3,2026,90,-68,1.32565789473684,1.60566037735849,0,9,1,2,0,3,"aacdeeeglnorsu"
"Italy","Ecuador",3,2026,13,172,1.74007220216607,1.60566037735849,0,7,12,6,3,0,"aacdeilortuy"
"England","Ecuador",3,2026,74,136,2.34018691588785,1.60566037735849,0,5,5,2,1,2,"aacddeeglnnoru"
"Portugal","Ecuador",3,2026,36,213,1.69009584664537,1.60566037735849,0,5,3,1,0,0,"aacdeglooprrtuu"
"Wales","Ecuador",3,2026,71,3,1.24590163934426,1.60566037735849,0,6,3,7,0,2,"aacdeelorsuw"
"England","Ecuador",3,2026,61,136,2.34018691588785,1.60566037735849,0,6,3,7,2,1,"aacddeeglnnoru"
"Portugal","Ecuador",3,2026,76,213,1.69009584664537,1.60566037735849,0,7,4,6,3,0,"aacdeglooprrtuu"
"Mexico","Ecuador",3,2026,56,105,1.81209503239741,1.60566037735849,1,2,2,3,1,0,"accdeeimoorux"
"Nigeria","Ecuador",3,2026,87,-156,1.49295774647887,1.60566037735849,0,3,1,7,1,1,"aacdeegiinorru"
"Nigeria","Ecuador",3,2026,23,-156,1.49295774647887,1.60566037735849,0,1,7,5,1,3,"aacdeegiinorru"
"Wales","Ecuador",3,2026,86,3,1.24590163934426,1.60566037735849,0,7,11,8,2,0,"aacdeelorsuw"
"Qatar","Ecuador",3,2026,17,-187,1.43193277310924,1.60566037735849,0,7,3,3,0,1,"aaacdeoqrrtu"
"Jamaica","Ecuador",3,2026,57,-242,1.33805031446541,1.60566037735849,1,5,1,4,0,4,"aaaaccdeijmoru"
"Netherlands","Ecuador",3,2026,99,169,2.06024096385542,1.60566037735849,0,8,1,3,1,0,"aacddeeehlnnorrstu"
"Mexico","Ecuador",3,2026,1,105,1.81209503239741,1.60566037735849,1,2,1,1,0,1,"accdeeimoorux"
"France","Ecuador",3,2026,14,266,1.77893518518519,1.60566037735849,0,12,2,3,0,1,"aaccdeefnorru"
"Wales","Ecuador",3,2026,20,3,1.24590163934426,1.60566037735849,0,10,10,3,1,0,"aacdeelorsuw"
"Portugal","Egypt",3,2026,34,434,1.69009584664537,1.06803594351733,0,8,4,4,4,1,"aegglopprttuy"
"Paraguay","Egypt",3,2026,94,164,1.30547945205479,1.06803594351733,0,3,10,8,1,1,"aaaeggpprtuyy"
"Wales","Egypt",3,2026,30,224,1.24590163934426,1.06803594351733,0,3,8,5,0,0,"aeeglpstwy"
"Qatar","Egypt",3,2026,24,34,1.43193277310924,1.06803594351733,0,10,8,5,2,0,"aaegpqrtty"
"Scotland","Egypt",3,2026,65,55,1.72257250945776,1.06803594351733,0,10,7,8,2,2,"acdeglnopstty"
"Italy","Egypt",3,2026,14,393,1.74007220216607,1.06803594351733,0,8,8,5,5,3,"aegilpttyy"
"France","Egypt",3,2026,42,487,1.77893518518519,1.06803594351733,0,11,3,1,3,0,"aceefgnprty"
"Japan","Egypt",3,2026,69,139,1.73592493297587,1.06803594351733,0,2,11,4,2,2,"aaegjnppty"
"Switzerland","Egypt",3,2026,49,266,1.46446078431373,1.06803594351733,0,12,7,6,6,1,"adeegilnprsttwyz"
"Italy","Egypt",3,2026,84,393,1.74007220216607,1.06803594351733,0,7,1,2,3,1,"aegilpttyy"
"Netherlands","Egypt",3,2026,46,390,2.06024096385542,1.06803594351733,0,9,12,1,2,0,"adeeeghlnnprstty"
"England","Egypt",3,2026,51,357,2.34018691588785,1.06803594351733,0,9,9,7,1,1,"adeegglnnpty"
"Switzerland","England",3,2026,3,-91,1.46446078431373,0.980373831775701,0,8,11,4,2,2,"aaddeegillnnnrstwz"
"Nigeria","England",3,2026,99,-292,1.49295774647887,0.980373831775701,0,2,5,6,2,1,"aadeeggiilnnnr"
"France","England",3,2026,32,130,1.77893518518519,0.980373831775701,0,5,8,4,1,0,"aacdeefglnnnr"
"Senegal","England",3,2026,72,-204,1.32565789473684,0.980373831775701,0,4,6,7,2,4,"aadeeeggllnnns"
"Portugal","England",3,2026,84,77,1.69009584664537,0.980373831775701,0,12,5,8,2,4,"aadeggllnnoprtu"
"Switzerland","England",3,2026,93,-91,1.46446078431373,0.980373831775701,0,12,10,4,4,1,"aaddeegillnnnrstwz"
"Italy","England",3,2026,27,36,1.74007220216607,0.980373831775701,0,12,9,4,1,0,"aadegillnnty"
"Uzbekistan","England",3,2026,50,-412,1.7248322147651,0.980373831775701,0,3,5,3,0,1,"aabdeegiklnnnstuz"
"Italy","England",3,2026,9,36,1.74007220216607,0.980373831775701,0,10,9,6,1,1,"aadegillnnty"
"Netherlands","England",3,2026,18,33,2.06024096385542,0.980373831775701,0,1,6,2,2,0,"aaddeeeghllnnnnrst"
"France","England",3,2026,38,130,1.77893518518519,0.980373831775701,0,8,11,3,0,1,"aacdeefglnnnr"
"Uruguay","England",3,2026,22,-8,1.5968253968254,0.980373831775701,0,11,8,3,1,0,"aadegglnnruuuy"
"Spain","England",3,2026,91,88,2.00704225352113,0.980373831775701,0,8,4,3,1,1,"aadegilnnnps"
"France","England",3,2026,20,130,1.77893518518519,0.980373831775701,0,10,4,7,2,3,"aacdeefglnnnr"
"Korea Republic","England",3,2026,37,-190,1.80635245901639,0.980373831775701,0,8,12,2,0,0,"aabcdeeegikllnnoprru"
"Wales","England",3,2026,11,-133,1.24590163934426,0.980373831775701,0,1,9,1,3,1,"aadeegllnnsw"
"Poland","England",3,2026,59,-149,1.70023419203747,0.980373831775701,0,9,12,1,0,2,"aaddegllnnnop"
"Netherlands","England",3,2026,5,33,2.06024096385542,0.980373831775701,0,3,8,1,1,2,"aaddeeeghllnnnnrst"
"Germany","England",3,2026,67,-6,2.24226804123711,0.980373831775701,0,6,4,4,1,2,"aadeegglmnnnry"
"Spain","England",3,2026,53,88,2.00704225352113,0.980373831775701,0,9,7,2,3,1,"aadegilnnnps"
"Korea Republic","England",3,2026,35,-190,1.80635245901639,0.980373831775701,0,10,4,3,0,4,"aabcdeeegikllnnoprru"
"Netherlands","England",3,2026,23,33,2.06024096385542,0.980373831775701,0,5,12,2,2,0,"aaddeeeghllnnnnrst"
"New Zealand","England",3,2026,66,-476,1.72773536895674,0.980373831775701,0,1,10,2,0,5,"aaaddeeegllnnnnwz"
"Portugal","England",3,2026,43,77,1.69009584664537,0.980373831775701,0,8,5,2,3,2,"aadeggllnnoprtu"
"Italy","England",3,2026,36,36,1.74007220216607,0.980373831775701,0,8,10,7,1,0,"aadegillnnty"
"Iran","England",3,2026,86,-199,1.87234042553191,0.980373831775701,0,3,5,3,2,1,"aadegilnnnr"
"United States","England",3,2026,10,-216,1.46428571428571,0.980373831775701,1,1,10,1,1,2,"aaddeeegilnnnsstttu"
"Switzerland","England",3,2026,2,-91,1.46446078431373,0.980373831775701,0,7,7,6,1,0,"aaddeegillnnnrstwz"
"Mexico","England",3,2026,49,-31,1.81209503239741,0.980373831775701,1,2,4,7,3,1,"acdeegilmnnox"
"Japan","England",3,2026,90,-218,1.73592493297587,0.980373831775701,0,2,5,3,1,0,"aaadegjlnnnp"
"Switzerland","England",3,2026,87,-91,1.46446078431373,0.980373831775701,0,10,5,4,2,0,"aaddeegillnnnrstwz"
"Spain","England",3,2026,39,88,2.00704225352113,0.980373831775701,0,11,8,1,2,3,"aadegilnnnps"
"Italy","England",3,2026,75,36,1.74007220216607,0.980373831775701,0,4,5,1,0,2,"aadegillnnty"
"France","England",3,2026,47,130,1.77893518518519,0.980373831775701,0,11,7,8,2,0,"aacdeefglnnnr"
"Italy","England",3,2026,55,36,1.74007220216607,0.980373831775701,0,9,6,6,0,1,"aadegillnnty"
"Wales","England",3,2026,40,-133,1.24590163934426,0.980373831775701,0,9,8,3,2,0,"aadeegllnnsw"
"Portugal","England",3,2026,58,77,1.69009584664537,0.980373831775701,0,6,7,2,2,2,"aadeggllnnoprtu"
"France","England",3,2026,13,130,1.77893518518519,0.980373831775701,0,6,11,1,5,1,"aacdeefglnnnr"
"Germany","France",3,2026,9,-136,2.24226804123711,1.40740740740741,0,9,5,5,4,0,"aaceefgmnnrry"
"Italy","France",3,2026,49,-94,1.74007220216607,1.40740740740741,0,10,8,5,1,2,"aacefilnrty"
"Poland","France",3,2026,72,-279,1.70023419203747,1.40740740740741,0,3,7,6,2,1,"aacdeflnnopr"
"Uruguay","France",3,2026,61,-138,1.5968253968254,1.40740740740741,0,8,7,5,0,0,"aacefgnrruuuy"
"Japan","France",3,2026,30,-348,1.73592493297587,1.40740740740741,0,11,8,1,0,2,"aaacefjnnpr"
"Japan","France",3,2026,24,-348,1.73592493297587,1.40740740740741,0,11,9,7,0,3,"aaacefjnnpr"
"Germany","France",3,2026,29,-136,2.24226804123711,1.40740740740741,0,11,10,3,3,2,"aaceefgmnnrry"
"Italy","France",3,2026,73,-94,1.74007220216607,1.40740740740741,0,10,12,5,2,1,"aacefilnrty"
"Germany","France",3,2026,7,-136,2.24226804123711,1.40740740740741,0,11,6,3,0,2,"aaceefgmnnrry"
"Mexico","France",3,2026,39,-161,1.81209503239741,1.40740740740741,1,2,7,4,0,4,"acceefimnorx"
"Scotland","France",3,2026,76,-432,1.72257250945776,1.40740740740741,0,9,5,1,0,4,"aaccdeflnnorst"
"Korea Republic","France",3,2026,70,-320,1.80635245901639,1.40740740740741,0,11,5,6,2,3,"aabcceeefiklnoprrru"
"Netherlands","France",3,2026,55,-97,2.06024096385542,1.40740740740741,0,4,8,5,1,0,"aacdeeefhlnnnrrst"
"Uruguay","France",3,2026,91,-138,1.5968253968254,1.40740740740741,0,12,9,1,0,2,"aacefgnrruuuy"
"Italy","France",3,2026,37,-94,1.74007220216607,1.40740740740741,0,4,5,1,0,2,"aacefilnrty"
"Switzerland","France",3,2026,85,-221,1.46446078431373,1.40740740740741,0,4,5,1,1,2,"aacdeefilnnrrstwz"
"Uruguay","France",3,2026,74,-138,1.5968253968254,1.40740740740741,0,10,12,3,1,3,"aacefgnrruuuy"
"Uruguay","France",3,2026,86,-138,1.5968253968254,1.40740740740741,0,4,8,4,0,2,"aacefgnrruuuy"
"Mexico","France",3,2026,26,-161,1.81209503239741,1.40740740740741,1,2,4,5,0,2,"acceefimnorx"
"Germany","France",3,2026,53,-136,2.24226804123711,1.40740740740741,0,1,5,5,2,1,"aaceefgmnnrry"
"Switzerland","France",3,2026,21,-221,1.46446078431373,1.40740740740741,0,7,5,1,0,2,"aacdeefilnnrrstwz"
"Netherlands","France",3,2026,84,-97,2.06024096385542,1.40740740740741,0,3,11,1,2,2,"aacdeeefhlnnnrrst"
"Germany","France",3,2026,10,-136,2.24226804123711,1.40740740740741,0,12,12,8,0,2,"aaceefgmnnrry"
"Nigeria","France",3,2026,22,-422,1.49295774647887,1.40740740740741,0,5,10,2,0,2,"aaceefgiinnrr"
"Netherlands","France",3,2026,68,-97,2.06024096385542,1.40740740740741,0,8,9,6,1,2,"aacdeeefhlnnnrrst"
"Korea Republic","France",3,2026,65,-320,1.80635245901639,1.40740740740741,0,4,11,7,0,4,"aabcceeefiklnoprrru"
"Netherlands","France",3,2026,100,-97,2.06024096385542,1.40740740740741,0,6,9,6,0,3,"aacdeeefhlnnnrrst"
"Portugal","France",3,2026,97,-53,1.69009584664537,1.40740740740741,0,7,6,4,0,2,"aacefglnoprrtu"
"Spain","France",3,2026,77,-42,2.00704225352113,1.40740740740741,0,5,12,1,0,1,"aacefinnprs"
"Spain","France",3,2026,8,-42,2.00704225352113,1.40740740740741,0,5,4,5,0,1,"aacefinnprs"
"Mexico","France",3,2026,90,-161,1.81209503239741,1.40740740740741,1,2,12,8,0,4,"acceefimnorx"
"Qatar","France",3,2026,58,-453,1.43193277310924,1.40740740740741,0,5,11,7,0,2,"aaacefnqrrt"
"South Africa","France",3,2026,23,-575,1.3675799086758,1.40740740740741,0,2,9,4,1,5,"aaacceffhinorrstu"
"Mexico","France",3,2026,66,-161,1.81209503239741,1.40740740740741,1,2,12,6,1,1,"acceefimnorx"
"Spain","France",3,2026,78,-42,2.00704225352113,1.40740740740741,0,8,12,2,1,1,"aacefinnprs"
"Norway","France",3,2026,59,-329,1.5,1.40740740740741,0,12,10,5,0,0,"aacefnnorrwy"
"Korea Republic","France",3,2026,62,-320,1.80635245901639,1.40740740740741,0,6,11,1,0,1,"aabcceeefiklnoprrru"
"Uruguay","France",3,2026,63,-138,1.5968253968254,1.40740740740741,0,12,7,3,1,3,"aacefgnrruuuy"
"New Zealand","France",3,2026,81,-606,1.72773536895674,1.40740740740741,0,2,5,4,0,4,"aaacdeeeflnnnrwz"
"Korea Republic","France",3,2026,87,-320,1.80635245901639,1.40740740740741,0,5,10,6,2,5,"aabcceeefiklnoprrru"
"Italy","France",3,2026,35,-94,1.74007220216607,1.40740740740741,0,7,10,5,2,2,"aacefilnrty"
"Mexico","France",3,2026,17,-161,1.81209503239741,1.40740740740741,1,2,12,7,2,0,"acceefimnorx"
"Spain","France",3,2026,18,-42,2.00704225352113,1.40740740740741,0,9,11,3,3,0,"aacefinnprs"
"Spain","France",3,2026,95,-42,2.00704225352113,1.40740740740741,0,9,11,2,0,1,"aacefinnprs"
"Norway","France",3,2026,15,-329,1.5,1.40740740740741,0,4,12,2,0,2,"aacefnnorrwy"
"Spain","France",3,2026,31,-42,2.00704225352113,1.40740740740741,0,6,11,3,1,0,"aacefinnprs"
"Scotland","Germany",3,2026,44,-296,1.72257250945776,1.18041237113402,0,8,7,8,2,3,"aacdeglmnnorsty"
"United States","Germany",3,2026,32,-210,1.46428571428571,1.18041237113402,1,1,3,1,0,2,"aadeeegimnnrsstttuy"
"Switzerland","Germany",3,2026,63,-85,1.46446078431373,1.18041237113402,0,2,12,6,0,1,"aadeegilmnnrrstwyz"
"Uruguay","Germany",3,2026,43,-2,1.5968253968254,1.18041237113402,0,10,3,4,1,2,"aaeggmnrruuuyy"
"Paraguay","Germany",3,2026,3,-187,1.30547945205479,1.18041237113402,0,10,12,1,0,3,"aaaaeggmnprruyy"
"Mexico","Germany",3,2026,19,-25,1.81209503239741,1.18041237113402,1,2,9,7,0,1,"aceegimmnorxy"
"Poland","Germany",3,2026,91,-143,1.70023419203747,1.18041237113402,0,9,12,7,1,2,"aadeglmnnopry"
"Switzerland","Germany",3,2026,24,-85,1.46446078431373,1.18041237113402,0,9,8,1,2,0,"aadeegilmnnrrstwyz"
"Netherlands","Germany",3,2026,66,39,2.06024096385542,1.18041237113402,0,1,10,8,1,1,"aadeeeghlmnnnrrsty"
"Netherlands","Germany",3,2026,81,39,2.06024096385542,1.18041237113402,0,8,12,8,0,0,"aadeeeghlmnnnrrsty"
"Morocco","Germany",3,2026,11,-273,1.44757433489828,1.18041237113402,0,3,6,7,1,2,"accegmmnooorry"
"Iran","Germany",3,2026,47,-193,1.87234042553191,1.18041237113402,0,10,6,6,0,2,"aaegimnnrry"
"United States","Germany",3,2026,75,-210,1.46428571428571,1.18041237113402,1,1,1,6,0,0,"aadeeegimnnrsstttuy"
"Scotland","Germany",3,2026,27,-296,1.72257250945776,1.18041237113402,0,1,7,5,0,3,"aacdeglmnnorsty"
"Italy","Germany",3,2026,21,42,1.74007220216607,1.18041237113402,0,10,11,7,1,1,"aaegilmnrtyy"
"Uruguay","Germany",3,2026,70,-2,1.5968253968254,1.18041237113402,0,8,11,1,1,0,"aaeggmnrruuuyy"
"Morocco","Germany",3,2026,26,-273,1.44757433489828,1.18041237113402,0,9,7,3,0,1,"accegmmnooorry"
"Uruguay","Germany",3,2026,78,-2,1.5968253968254,1.18041237113402,0,6,6,5,1,0,"aaeggmnrruuuyy"
"Portugal","Germany",3,2026,40,83,1.69009584664537,1.18041237113402,0,7,3,8,1,2,"aaegglmnoprrtuy"
"Paraguay","Germany",3,2026,38,-187,1.30547945205479,1.18041237113402,0,6,2,5,2,1,"aaaaeggmnprruyy"
"Jamaica","Germany",3,2026,17,-372,1.33805031446541,1.18041237113402,1,4,12,2,1,4,"aaaacegijmmnry"
"Netherlands","Germany",3,2026,98,39,2.06024096385542,1.18041237113402,0,6,11,8,0,2,"aadeeeghlmnnnrrsty"
"Norway","Germany",3,2026,49,-193,1.5,1.18041237113402,0,5,6,8,2,1,"aaegmnnorrwyy"
"Italy","Germany",3,2026,68,42,1.74007220216607,1.18041237113402,0,7,11,1,1,1,"aaegilmnrtyy"
"Wales","Germany",3,2026,96,-127,1.24590163934426,1.18041237113402,0,10,5,6,1,0,"aaeeglmnrswy"
"Portugal","Germany",3,2026,89,83,1.69009584664537,1.18041237113402,0,6,5,3,1,0,"aaegglmnoprrtuy"
"Spain","Germany",3,2026,88,94,2.00704225352113,1.18041237113402,0,12,6,4,1,3,"aaegimnnprsy"
"Mexico","Germany",3,2026,76,-25,1.81209503239741,1.18041237113402,1,2,12,7,0,0,"aceegimmnorxy"
"Paraguay","Germany",3,2026,83,-187,1.30547945205479,1.18041237113402,0,2,6,2,0,1,"aaaaeggmnprruyy"
"Italy","Germany",3,2026,22,42,1.74007220216607,1.18041237113402,0,12,7,1,1,0,"aaegilmnrtyy"
"Italy","Germany",3,2026,51,42,1.74007220216607,1.18041237113402,0,6,6,2,6,1,"aaegilmnrtyy"
"Norway","Germany",3,2026,46,-193,1.5,1.18041237113402,0,2,4,7,0,3,"aaegmnnorrwyy"
"Netherlands","Germany",3,2026,12,39,2.06024096385542,1.18041237113402,0,11,6,2,0,1,"aadeeeghlmnnnrrsty"
"Norway","Ghana",3,2026,57,157,1.5,1.02725968436155,0,12,2,2,2,2,"aaaghnnorwy"
"Senegal","Ghana",3,2026,31,152,1.32565789473684,1.02725968436155,0,2,7,5,1,0,"aaaeegghlnns"
"Poland","Ghana",3,2026,63,207,1.70023419203747,1.02725968436155,0,9,7,2,0,1,"aaadghlnnop"
"Switzerland","Ghana",3,2026,12,265,1.46446078431373,1.02725968436155,0,1,12,1,1,1,"aaadeghilnnrstwz"
"Norway","Haiti",3,2026,80,206,1.5,1.36686390532544,-1,1,5,6,5,0,"aahiinortwy"
"Paraguay","Haiti",3,2026,68,212,1.30547945205479,1.36686390532544,-1,8,9,2,3,2,"aaaaghiiprtuy"
"Portugal","Haiti",3,2026,10,482,1.69009584664537,1.36686390532544,-1,4,5,5,3,0,"aaghiiloprttu"
"Qatar","Haiti",3,2026,33,82,1.43193277310924,1.36686390532544,-1,10,6,5,1,1,"aaahiiqrtt"
"Portugal","Iran",3,2026,42,276,1.69009584664537,0.785597381342062,0,4,7,2,2,1,"aagilnoprrtu"
"Scotland","Iran",3,2026,15,-103,1.72257250945776,0.785597381342062,0,9,8,4,1,1,"aacdilnnorst"
"Paraguay","Iran",3,2026,56,6,1.30547945205479,0.785597381342062,0,6,11,1,0,2,"aaaaginprruy"
"Portugal","Iran",3,2026,91,276,1.69009584664537,0.785597381342062,0,7,3,4,2,1,"aagilnoprrtu"
"Paraguay","Iran",3,2026,20,6,1.30547945205479,0.785597381342062,0,2,1,6,0,3,"aaaaginprruy"
"Uruguay","Iran",3,2026,65,191,1.5968253968254,0.785597381342062,0,10,8,1,2,0,"aaginrruuuy"
"Scotland","Iran",3,2026,79,-103,1.72257250945776,0.785597381342062,0,2,11,4,0,1,"aacdilnnorst"
"Italy","Iran",3,2026,3,235,1.74007220216607,0.785597381342062,0,8,8,2,1,0,"aaiilnrty"
"Poland","Iran",3,2026,77,50,1.70023419203747,0.785597381342062,0,8,8,5,1,0,"aadilnnopr"
"Poland","Iran",3,2026,22,50,1.70023419203747,0.785597381342062,0,9,8,4,4,0,"aadilnnopr"
"Switzerland","Iran",3,2026,40,108,1.46446078431373,0.785597381342062,0,10,10,6,4,2,"aadeiilnnrrstwz"
"Wales","Iran",3,2026,18,66,1.24590163934426,0.785597381342062,0,7,6,6,1,0,"aaeilnrsw"
"Mexico","Iran",3,2026,45,168,1.81209503239741,0.785597381342062,1,2,3,5,1,3,"aceiimnorx"
"Spain","Iran",3,2026,28,287,2.00704225352113,0.785597381342062,0,11,12,6,1,1,"aaiinnprs"
"Senegal","Iran",3,2026,34,-5,1.32565789473684,0.785597381342062,0,6,8,1,1,1,"aaeegilnnrs"
"Mexico","Italy",3,2026,86,-67,1.81209503239741,0.98676293622142,1,2,10,2,1,0,"aceiilmotxy"
"Senegal","Italy",3,2026,30,-240,1.32565789473684,0.98676293622142,0,6,11,7,0,1,"aaeegillnsty"
"Norway","Italy",3,2026,85,-235,1.5,0.98676293622142,0,10,9,7,0,2,"aailnortwyy"
"Portugal","Italy",3,2026,100,41,1.69009584664537,0.98676293622142,0,8,10,1,2,2,"aagilloprttuy"
"Morocco","Italy",3,2026,19,-315,1.44757433489828,0.98676293622142,0,5,6,6,1,1,"accilmooorty"
"Uruguay","Italy",3,2026,32,-44,1.5968253968254,0.98676293622142,0,7,6,2,1,0,"aagilrtuuuyy"
"Switzerland","Italy",3,2026,6,-127,1.46446078431373,0.98676293622142,0,9,8,8,0,3,"aadeiillnrsttwyz"
"Spain","Italy",3,2026,92,52,2.00704225352113,0.98676293622142,0,6,12,4,0,1,"aaiilnpsty"
"Netherlands","Italy",3,2026,54,-3,2.06024096385542,0.98676293622142,0,11,10,7,0,1,"aadeehillnnrstty"
"Japan","Italy",3,2026,62,-254,1.73592493297587,0.98676293622142,0,11,10,5,0,2,"aaaijlnpty"
"Portugal","Italy",3,2026,93,41,1.69009584664537,0.98676293622142,0,4,5,2,1,4,"aagilloprttuy"
"Netherlands","Italy",3,2026,1,-3,2.06024096385542,0.98676293622142,0,4,9,8,0,1,"aadeehillnnrstty"
"United States","Italy",3,2026,90,-252,1.46428571428571,0.98676293622142,1,1,11,7,2,1,"aadeeiilnssttttuy"
"Qatar","Italy",3,2026,69,-359,1.43193277310924,0.98676293622142,0,1,6,6,0,3,"aaailqrtty"
"Morocco","Italy",3,2026,91,-315,1.44757433489828,0.98676293622142,0,2,10,2,1,2,"accilmooorty"
"Poland","Italy",3,2026,2,-185,1.70023419203747,0.98676293622142,0,10,8,3,2,2,"aadillnopty"
"Portugal","Italy",3,2026,5,41,1.69009584664537,0.98676293622142,0,5,11,5,1,3,"aagilloprttuy"
"Norway","Italy",3,2026,20,-235,1.5,0.98676293622142,0,3,8,2,0,2,"aailnortwyy"
"Portugal","Italy",3,2026,63,41,1.69009584664537,0.98676293622142,0,6,11,4,1,0,"aagilloprttuy"
"Spain","Italy",3,2026,25,52,2.00704225352113,0.98676293622142,0,4,8,3,2,2,"aaiilnpsty"
"Norway","Italy",3,2026,99,-235,1.5,0.98676293622142,0,11,6,7,0,1,"aailnortwyy"
"Saudi Arabia","Italy",3,2026,44,-444,1.59034482758621,0.98676293622142,0,10,7,4,0,1,"aaaaabdiiilrstuy"
"Netherlands","Italy",3,2026,8,-3,2.06024096385542,0.98676293622142,0,5,10,3,1,1,"aadeehillnnrstty"
"Japan","Italy",3,2026,71,-254,1.73592493297587,0.98676293622142,0,7,12,3,1,4,"aaaijlnpty"
"Senegal","Italy",3,2026,50,-240,1.32565789473684,0.98676293622142,0,10,9,1,0,4,"aaeegillnsty"
"Scotland","Italy",3,2026,96,-338,1.72257250945776,0.98676293622142,0,4,12,2,1,1,"aacdillnostty"
"Poland","Italy",3,2026,38,-185,1.70023419203747,0.98676293622142,0,4,7,4,1,2,"aadillnopty"
"Poland","Italy",3,2026,64,-185,1.70023419203747,0.98676293622142,0,7,9,8,2,0,"aadillnopty"
"Mexico","Italy",3,2026,12,-67,1.81209503239741,0.98676293622142,1,2,10,7,1,3,"aceiilmotxy"
"Japan","Italy",3,2026,83,-254,1.73592493297587,0.98676293622142,0,3,4,8,1,2,"aaaijlnpty"
"Poland","Italy",3,2026,7,-185,1.70023419203747,0.98676293622142,0,4,8,8,2,1,"aadillnopty"
"Uruguay","Italy",3,2026,60,-44,1.5968253968254,0.98676293622142,0,4,6,4,1,0,"aagilrtuuuyy"
"Mexico","Italy",3,2026,29,-67,1.81209503239741,0.98676293622142,1,2,11,8,2,2,"aceiilmotxy"
"Portugal","Jamaica",3,2026,73,455,1.69009584664537,1.32075471698113,-1,4,4,2,1,3,"aaaacgijlmoprtu"
"Netherlands","Jamaica",3,2026,78,411,2.06024096385542,1.32075471698113,-1,8,9,1,2,0,"aaaacdeehijlmnnrst"
"Paraguay","Jamaica",3,2026,6,185,1.30547945205479,1.32075471698113,-1,8,9,4,1,0,"aaaaaacgijmpruy"
"Netherlands","Japan",3,2026,7,251,2.06024096385542,1.19302949061662,0,2,2,1,0,1,"aaadeehjlnnnprst"
"Netherlands","Japan",3,2026,14,251,2.06024096385542,1.19302949061662,0,11,5,2,1,0,"aaadeehjlnnnprst"
"Spain","Japan",3,2026,45,306,2.00704225352113,1.19302949061662,0,11,6,2,2,0,"aaaijnnpps"
"Saudi Arabia","Japan",3,2026,98,-190,1.59034482758621,1.19302949061662,0,6,4,1,1,2,"aaaaaabdiijnprsu"
"Spain","Japan",3,2026,54,306,2.00704225352113,1.19302949061662,0,8,8,3,2,1,"aaaijnnpps"
"Poland","Japan",3,2026,89,69,1.70023419203747,1.19302949061662,0,10,3,1,0,5,"aaadjlnnopp"
"Morocco","Japan",3,2026,4,-61,1.44757433489828,1.19302949061662,0,1,5,6,1,1,"aaccjmnooopr"
"Spain","Japan",3,2026,38,306,2.00704225352113,1.19302949061662,0,5,4,2,1,1,"aaaijnnpps"
"Portugal","Japan",3,2026,88,295,1.69009584664537,1.19302949061662,0,5,4,3,2,0,"aaagjlnopprtu"
"New Zealand","Jordan",3,2026,45,-3,1.72773536895674,1.20631578947368,0,1,9,4,1,0,"aaaddeejlnnnorwz"
"Spain","Jordan",3,2026,47,561,2.00704225352113,1.20631578947368,0,8,3,7,1,0,"aadijnnoprs"
"Korea Republic","Jordan",3,2026,7,283,1.80635245901639,1.20631578947368,0,5,3,6,5,0,"aabcdeeijklnooprrru"
"Poland","Korea Republic",3,2026,21,41,1.70023419203747,0.913934426229508,0,10,8,2,2,3,"aabcdeeikllnoopprru"
"Netherlands","Korea Republic",3,2026,58,223,2.06024096385542,0.913934426229508,0,4,2,3,1,2,"aabcdeeeehikllnnoprrrstu"
"Poland","Korea Republic",3,2026,36,41,1.70023419203747,0.913934426229508,0,1,7,6,1,0,"aabcdeeikllnoopprru"
"Panama","Korea Republic",3,2026,52,-237,1.17716535433071,0.913934426229508,1,5,10,5,0,5,"aaaabceeiklmnopprru"
"Mexico","Korea Republic",3,2026,48,159,1.81209503239741,0.913934426229508,1,2,3,5,3,0,"abcceeeiiklmooprrux"
"United States","Korea Republic",3,2026,79,-26,1.46428571428571,0.913934426229508,1,1,3,6,1,1,"aabcdeeeeiiklnoprrsstttuu"
"Portugal","Korea Republic",3,2026,16,267,1.69009584664537,0.913934426229508,0,4,7,2,0,1,"aabceegiklloopprrrtuu"
"Wales","Korea Republic",3,2026,59,57,1.24590163934426,0.913934426229508,0,12,2,6,2,2,"aabceeeiklloprrsuw"
"Paraguay","Korea Republic",3,2026,85,-3,1.30547945205479,0.913934426229508,0,11,2,6,0,1,"aaaabceegiklopprrruuy"
"Switzerland","Korea Republic",3,2026,64,99,1.46446078431373,0.913934426229508,0,10,2,1,1,3,"aabcdeeeiikllnoprrrstuwz"
"Nigeria","Korea Republic",3,2026,1,-102,1.49295774647887,0.913934426229508,0,10,7,7,0,0,"aabceeegiiiklnoprrru"
"Senegal","Korea Republic",3,2026,5,-14,1.32565789473684,0.913934426229508,0,12,12,4,1,0,"aabceeeegikllnoprrsu"
"Paraguay","Korea Republic",3,2026,72,-3,1.30547945205479,0.913934426229508,0,10,7,5,3,0,"aaaabceegiklopprrruuy"
"Paraguay","Mexico",3,2026,96,-162,1.30547945205479,1.04427645788337,-1,10,2,8,0,0,"aaacegimopruxy"
"Senegal","Mexico",3,2026,71,-173,1.32565789473684,1.04427645788337,-1,9,2,6,0,2,"aceeegilmnosx"
"United States","Mexico",3,2026,65,-185,1.46428571428571,1.04427645788337,0,1,2,5,1,3,"acdeeeiimnosstttux"
"Portugal","Mexico",3,2026,57,108,1.69009584664537,1.04427645788337,-1,8,2,8,0,2,"acegilmooprtux"
"Senegal","Mexico",3,2026,73,-173,1.32565789473684,1.04427645788337,-1,7,2,3,0,3,"aceeegilmnosx"
"Wales","Mexico",3,2026,94,-102,1.24590163934426,1.04427645788337,-1,4,2,2,1,1,"aceeilmoswx"
"Nigeria","Mexico",3,2026,40,-261,1.49295774647887,1.04427645788337,-1,5,2,4,0,3,"aceegiiimnorx"
"Paraguay","Mexico",3,2026,88,-162,1.30547945205479,1.04427645788337,-1,5,2,7,0,1,"aaacegimopruxy"
"Portugal","Mexico",3,2026,87,108,1.69009584664537,1.04427645788337,-1,11,2,8,1,0,"acegilmooprtux"
"Switzerland","Mexico",3,2026,75,-60,1.46446078431373,1.04427645788337,-1,12,2,5,1,2,"acdeeiilmnorstwxz"
"Uruguay","Mexico",3,2026,58,23,1.5968253968254,1.04427645788337,-1,5,2,5,0,2,"acegimoruuuxy"
"Senegal","Mexico",3,2026,82,-173,1.32565789473684,1.04427645788337,-1,2,2,6,0,4,"aceeegilmnosx"
"Paraguay","Mexico",3,2026,22,-162,1.30547945205479,1.04427645788337,-1,3,2,7,1,1,"aaacegimopruxy"
"Spain","Mexico",3,2026,24,119,2.00704225352113,1.04427645788337,-1,7,2,4,1,0,"aceiimnopsx"
"Spain","Mexico",3,2026,2,119,2.00704225352113,1.04427645788337,-1,11,2,4,1,0,"aceiimnopsx"
"Spain","Mexico",3,2026,23,119,2.00704225352113,1.04427645788337,-1,10,2,8,2,1,"aceiimnopsx"
"Senegal","Mexico",3,2026,97,-173,1.32565789473684,1.04427645788337,-1,10,2,1,1,0,"aceeegilmnosx"
"Norway","Morocco",3,2026,53,80,1.5,0.873239436619718,0,12,8,1,3,2,"accmnoooorrwy"
"Switzerland","Morocco",3,2026,33,188,1.46446078431373,0.873239436619718,0,7,10,7,4,1,"accdeilmnooorrstwz"
"Nigeria","Morocco",3,2026,64,-13,1.49295774647887,0.873239436619718,0,4,10,2,2,1,"accegiimnooorr"
"Poland","Morocco",3,2026,35,130,1.70023419203747,0.873239436619718,0,2,4,4,1,0,"accdlmnoooopr"
"Spain","Morocco",3,2026,74,367,2.00704225352113,0.873239436619718,0,7,9,4,5,0,"accimnoooprs"
"Switzerland","Morocco",3,2026,73,188,1.46446078431373,0.873239436619718,0,10,11,1,1,0,"accdeilmnooorrstwz"
"Spain","Netherlands",3,2026,80,55,2.00704225352113,1.28674698795181,0,10,10,8,1,0,"aadeehilnnnprsst"
"Poland","Netherlands",3,2026,41,-182,1.70023419203747,1.28674698795181,0,3,8,8,1,2,"aaddeehllnnnoprst"
"Spain","Netherlands",3,2026,52,55,2.00704225352113,1.28674698795181,0,12,3,2,4,1,"aadeehilnnnprsst"
"Wales","Netherlands",3,2026,97,-166,1.24590163934426,1.28674698795181,0,11,8,2,1,1,"aadeeehllnnrsstw"
"Spain","Netherlands",3,2026,19,55,2.00704225352113,1.28674698795181,0,11,5,1,2,0,"aadeehilnnnprsst"
"Panama","Netherlands",3,2026,16,-460,1.17716535433071,1.28674698795181,1,8,4,5,1,5,"aaaadeehlmnnnprst"
"Portugal","Netherlands",3,2026,79,44,1.69009584664537,1.28674698795181,0,10,12,8,1,1,"aadeeghllnnoprrsttu"
"Norway","Netherlands",3,2026,25,-232,1.5,1.28674698795181,0,5,6,1,0,2,"aadeehlnnnorrstwy"
"Spain","Netherlands",3,2026,33,55,2.00704225352113,1.28674698795181,0,5,8,3,0,1,"aadeehilnnnprsst"
"Spain","Netherlands",3,2026,11,55,2.00704225352113,1.28674698795181,0,7,2,2,0,2,"aadeehilnnnprsst"
"Poland","Netherlands",3,2026,56,-182,1.70023419203747,1.28674698795181,0,8,12,7,0,1,"aaddeehllnnnoprst"
"Spain","Netherlands",3,2026,13,55,2.00704225352113,1.28674698795181,0,9,5,4,1,0,"aadeehilnnnprsst"
"Portugal","Netherlands",3,2026,95,44,1.69009584664537,1.28674698795181,0,5,7,1,0,1,"aadeeghllnnoprrsttu"
"Switzerland","Netherlands",3,2026,30,-124,1.46446078431373,1.28674698795181,0,7,5,3,0,0,"aaddeeehillnnnrrssttwz"
"Portugal","Netherlands",3,2026,48,44,1.69009584664537,1.28674698795181,0,6,10,3,1,2,"aadeeghllnnoprrsttu"
"Portugal","Netherlands",3,2026,39,44,1.69009584664537,1.28674698795181,0,6,2,5,1,4,"aadeeghllnnoprrsttu"
"Scotland","Netherlands",3,2026,92,-335,1.72257250945776,1.28674698795181,0,1,10,8,0,0,"aacddeehllnnnorsstt"
"Uruguay","New Zealand",3,2026,26,468,1.5968253968254,1.53435114503817,0,6,3,8,2,0,"aaadeeglnnruuuwyz"
"Nigeria","New Zealand",3,2026,48,184,1.49295774647887,1.53435114503817,0,10,2,4,0,2,"aaadeeegiilnnnrwz"
"Wales","Nigeria",3,2026,95,159,1.24590163934426,1.02660406885759,0,6,3,8,2,0,"aaeegiilnrsw"
"Portugal","Nigeria",3,2026,4,369,1.69009584664537,1.02660406885759,0,11,9,5,3,0,"aaeggiilnoprrtu"
"Uruguay","Nigeria",3,2026,27,284,1.5968253968254,1.02660406885759,0,4,7,6,3,2,"aaeggiinrruuuy"
"Poland","Nigeria",3,2026,66,143,1.70023419203747,1.02660406885759,0,6,1,7,1,1,"aadegiilnnopr"
"Norway","Nigeria",3,2026,2,93,1.5,1.02660406885759,0,11,10,5,2,2,"aaegiinnorrwy"
"United States","Norway",3,2026,51,-17,1.46428571428571,1.67028985507246,1,1,3,3,2,1,"aadeeinnorsstttuwy"
"Senegal","Norway",3,2026,24,-5,1.32565789473684,1.67028985507246,0,3,2,6,1,0,"aaeeglnnorswy"
"Portugal","Norway",3,2026,74,276,1.69009584664537,1.67028985507246,0,11,11,5,0,0,"aaglnooprrtuwy"
"Wales","Norway",3,2026,92,66,1.24590163934426,1.67028985507246,0,12,3,3,1,1,"aaelnorswwy"
"Uruguay","Norway",3,2026,36,191,1.5968253968254,1.67028985507246,0,9,10,3,1,1,"aagnorruuuwyy"
"Uruguay","Norway",3,2026,67,191,1.5968253968254,1.67028985507246,0,6,4,5,2,0,"aagnorruuuwyy"
"Uruguay","Panama",3,2026,84,419,1.5968253968254,1.58070866141732,-1,8,4,7,3,1,"aaaagmnpruuuy"
"Spain","Panama",3,2026,43,515,2.00704225352113,1.58070866141732,-1,11,4,5,3,0,"aaaaimnnpps"
"Switzerland","Paraguay",3,2026,42,102,1.46446078431373,1.43287671232877,0,11,11,3,3,1,"aaaadegilnprrstuwyz"
"Poland","Paraguay",3,2026,53,44,1.70023419203747,1.43287671232877,0,4,9,8,3,2,"aaaadglnoppruy"
"Uruguay","Paraguay",3,2026,25,185,1.5968253968254,1.43287671232877,0,5,3,4,5,1,"aaaaggprruuuuyy"
"Poland","Paraguay",3,2026,98,44,1.70023419203747,1.43287671232877,0,4,3,4,2,3,"aaaadglnoppruy"
"Paraguay","Paraguay",3,2026,41,0,1.30547945205479,1.43287671232877,0,10,10,4,1,1,"aaaaaaggpprruuyy"
"Portugal","Paraguay",3,2026,81,270,1.69009584664537,1.43287671232877,0,7,1,5,0,2,"aaaagglopprrtuuy"
"Uruguay","Poland",3,2026,4,141,1.5968253968254,1.34777517564403,0,4,2,8,2,0,"aadglnopruuuy"
"Uzbekistan","Poland",3,2026,55,-263,1.7248322147651,1.34777517564403,0,3,10,7,1,1,"aabdeiklnnopstuz"
"Uruguay","Poland",3,2026,17,141,1.5968253968254,1.34777517564403,0,8,8,5,0,0,"aadglnopruuuy"
"Tunisia","Poland",3,2026,92,-195,1.41592920353982,1.34777517564403,0,1,3,7,1,0,"aadiilnnopstu"
"Switzerland","Poland",3,2026,100,58,1.46446078431373,1.34777517564403,0,9,2,5,1,1,"aaddeillnnoprstwz"
"Portugal","Poland",3,2026,24,226,1.69009584664537,1.34777517564403,0,4,12,2,1,0,"aadgllnoopprtu"
"Uruguay","Poland",3,2026,73,141,1.5968253968254,1.34777517564403,0,5,8,7,1,0,"aadglnopruuuy"
"Spain","Portugal",3,2026,98,11,2.00704225352113,1.15654952076677,0,6,7,2,0,1,"aagilnopprstu"
"Switzerland","Portugal",3,2026,8,-168,1.46446078431373,1.15654952076677,0,9,6,8,1,1,"aadegillnoprrsttuwz"
"Switzerland","Portugal",3,2026,26,-168,1.46446078431373,1.15654952076677,0,5,5,1,0,2,"aadegillnoprrsttuwz"
"Uruguay","Portugal",3,2026,19,-85,1.5968253968254,1.15654952076677,0,5,7,3,2,4,"aaggloprrtuuuuy"
"Tunisia","Portugal",3,2026,82,-421,1.41592920353982,1.15654952076677,0,8,5,7,1,6,"aagiilnoprsttuu"
"Uruguay","Portugal",3,2026,44,-85,1.5968253968254,1.15654952076677,0,11,12,2,1,3,"aaggloprrtuuuuy"
"United States","Portugal",3,2026,3,-293,1.46428571428571,1.15654952076677,1,1,9,5,1,1,"aadeegilnoprssttttuu"
"Wales","Portugal",3,2026,67,-210,1.24590163934426,1.15654952076677,0,7,7,7,0,1,"aaeglloprstuw"
"Senegal","Portugal",3,2026,70,-281,1.32565789473684,1.15654952076677,0,3,4,5,0,1,"aaeeggllnoprstu"
"United States","Portugal",3,2026,71,-293,1.46428571428571,1.15654952076677,1,1,5,2,0,3,"aadeegilnoprssttttuu"
"Uruguay","Portugal",3,2026,29,-85,1.5968253968254,1.15654952076677,0,6,4,2,2,1,"aaggloprrtuuuuy"
"Scotland","Qatar",3,2026,68,21,1.72257250945776,1.1546218487395,0,10,6,8,0,1,"aaacdlnoqrstt"
"Spain","Scotland",3,2026,30,390,2.00704225352113,1.22824716267339,0,6,2,6,1,0,"aacdilnnopsst"
"United States","Scotland",3,2026,50,86,1.46428571428571,1.22824716267339,1,1,12,5,2,2,"aacddeeilnnosssttttu"
"Spain","Scotland",3,2026,7,390,2.00704225352113,1.22824716267339,0,12,9,5,2,1,"aacdilnnopsst"
"United States","Senegal",3,2026,42,-12,1.46428571428571,0.976973684210526,1,1,2,5,1,0,"aadeeeegilnnssstttu"
"Wales","Senegal",3,2026,79,71,1.24590163934426,0.976973684210526,0,6,1,5,1,1,"aaeeegllnssw"
"United States","Senegal",3,2026,74,-12,1.46428571428571,0.976973684210526,1,1,6,7,1,0,"aadeeeegilnnssstttu"
"Wales","Spain",3,2026,9,-221,1.24590163934426,0.902816901408451,0,10,6,8,1,5,"aaeilnpssw"
"Switzerland","Spain",3,2026,14,-179,1.46446078431373,0.902816901408451,0,6,4,8,1,3,"aadeiilnnprsstwz"
"Uruguay","Switzerland",3,2026,88,83,1.5968253968254,1.6875,0,4,1,1,1,0,"aadegilnrrstuuuwyz"
